timestamp,station_id,temperature,pressure,altidute,pm1_0,pm2_5,pm10_0,temp_rolling,press_rolling,tempo_zmiany,pm2_5_to_pm10_ratio,pm2_5_exceeds_who,pm10_0_exceeds_who,hour,AQI_Category
2026-05-16 10:51:22,station_01,22.09,948.9857812,549.3323,3,5,5,,,,1.0,False,False,10,Bardzo dobry
2026-05-16 10:51:52,station_01,22.1,949.0003906,549.204,3,5,5,,,0.020000000000003126,1.0,False,False,10,Bardzo dobry
2026-05-16 10:52:23,station_01,22.11,949.0260937,548.9781,4,6,6,,,0.019354838709673566,1.0,False,False,10,Bardzo dobry
2026-05-16 10:52:53,station_01,22.07,949.0125,549.0975,4,5,6,,,-0.0799999999999983,0.8333333333333334,False,False,10,Bardzo dobry
2026-05-16 10:53:23,station_01,21.99,949.0875,548.439,3,5,6,,,-0.1600000000000037,0.8333333333333334,False,False,10,Bardzo dobry
2026-05-16 10:53:53,station_01,21.96,949.071875,548.5763,5,6,6,,,-0.05999999999999517,1.0,False,False,10,Bardzo dobry
2026-05-16 10:54:23,station_01,21.93,949.1127344,548.2179,5,6,6,,,-0.060000000000002274,1.0,False,False,10,Bardzo dobry
2026-05-16 10:54:54,station_01,21.89,949.0878125,548.4363,4,5,6,,,-0.07741935483870802,0.8333333333333334,False,False,10,Bardzo dobry
2026-05-16 10:55:24,station_01,21.85,949.1261719,548.0997,4,5,5,,,-0.0799999999999983,1.0,False,False,10,Bardzo dobry
2026-05-16 10:56:04,station_01,21.83,949.073125,548.5657,3,5,5,21.982,949.0583984299999,-0.03000000000000469,1.0,False,False,10,Bardzo dobry
2026-05-16 10:56:22,station_01,21.8,949.0933594,548.3875,4,5,5,21.953,949.06915625,-0.09999999999999196,1.0,False,False,10,Bardzo dobry
2026-05-16 10:56:52,station_01,21.78,949.1055,548.2815,5,6,6,21.921,949.0796671900001,-0.03999999999999915,1.0,False,False,10,Bardzo dobry
2026-05-16 10:57:22,station_01,21.77,949.124375,548.1155,3,4,5,21.887,949.0894953200001,-0.020000000000003126,0.8,False,False,10,Bardzo dobry
2026-05-16 10:57:52,station_01,21.76,949.1553125,547.8436,4,5,6,21.856,949.1037765699999,-0.01999999999999602,0.8333333333333334,False,False,10,Bardzo dobry
2026-05-16 10:58:23,station_01,21.75,949.1185937,548.1664,4,4,4,21.832,949.10688594,-0.019354838709680442,1.0,False,False,10,Bardzo dobry
2026-05-16 10:58:53,station_01,21.75,949.1541406,547.8542,3,4,4,21.811,949.1151125,0.0,1.0,False,False,10,Bardzo dobry
2026-05-16 10:59:23,station_01,21.74,949.1634375,547.7726,3,4,4,21.792,949.1201828100002,-0.020000000000003126,1.0,False,False,10,Bardzo dobry
2026-05-16 10:59:53,station_01,21.73,949.1629688,547.7768,4,5,5,21.776000000000003,949.1276984399999,-0.01999999999999602,1.0,False,False,10,Bardzo dobry
2026-05-16 11:00:24,station_01,21.73,949.1406,547.973,5,10,12,21.764,949.1291412499999,0.0,0.8333333333333334,False,False,11,Bardzo dobry
2026-05-16 11:00:54,station_01,21.72,949.1242187,548.1171,4,5,6,21.753,949.1342506200001,-0.020000000000003126,0.8333333333333334,False,False,11,Bardzo dobry
2026-05-16 11:01:24,station_01,21.72,949.1573437,547.8261,4,5,6,21.744999999999997,949.1406490500001,0.0,0.8333333333333334,False,False,11,Bardzo dobry
2026-05-16 11:01:54,station_01,21.71,949.120625,548.1484,4,5,5,21.738,949.14216155,-0.01999999999999602,1.0,False,False,11,Bardzo dobry
2026-05-16 11:02:22,station_01,21.69,949.13625,548.0117,3,5,5,21.73,949.14334905,-0.04285714285714194,1.0,False,False,11,Bardzo dobry
2026-05-16 11:02:52,station_01,21.69,949.164375,547.7646,4,5,5,21.723,949.1442553,0.0,1.0,False,False,11,Bardzo dobry
2026-05-16 11:03:22,station_01,21.68,949.1365625,548.009,4,5,5,21.716,949.14605218,-0.020000000000003126,1.0,False,False,11,Bardzo dobry
2026-05-16 11:03:52,station_01,21.67,949.1639062,547.7689,4,6,6,21.708,949.14702874,-0.01999999999999602,1.0,False,False,11,Bardzo dobry
2026-05-16 11:04:23,station_01,21.67,949.1871094,547.5648,4,5,5,21.701,949.1493959300002,0.0,1.0,False,False,11,Bardzo dobry
2026-05-16 11:04:53,station_01,21.67,949.185,547.5833,5,7,7,21.695,949.15159905,0.0,1.0,False,False,11,Bardzo dobry
2026-05-16 11:05:23,station_01,21.67,949.1675,547.7371,4,5,5,21.689,949.1542890500001,0.0,1.0,False,False,11,Bardzo dobry
2026-05-16 11:05:53,station_01,21.68,949.1842188,547.5902,4,5,6,21.685000000000002,949.1602890600001,0.01999999999999602,0.8333333333333334,False,False,11,Bardzo dobry
2026-05-16 11:06:23,station_01,21.68,949.2209375,547.2679,5,7,8,21.681,949.1666484399999,0.0,0.875,False,False,11,Bardzo dobry
2026-05-16 11:06:54,station_01,21.69,949.1967187,547.4805,4,5,5,21.679000000000002,949.17425781,0.019354838709680442,1.0,False,False,11,Bardzo dobry
2026-05-16 11:07:24,station_01,21.69,949.1660937,547.7492,5,6,6,21.679000000000002,949.17724218,0.0,1.0,False,False,11,Bardzo dobry
2026-05-16 11:07:54,station_01,21.68,949.1864063,547.5711,3,4,4,21.678000000000004,949.1794453099999,-0.020000000000003126,1.0,False,False,11,Bardzo dobry
2026-05-16 11:08:22,station_01,21.69,949.2078125,547.3829,4,5,5,21.679000000000002,949.18657031,0.021428571428574777,1.0,False,False,11,Bardzo dobry
2026-05-16 11:08:52,station_01,21.7,949.2245313,547.2361,4,7,7,21.682,949.1926328200001,0.01999999999999602,1.0,False,False,11,Bardzo dobry
2026-05-16 11:09:22,station_01,21.71,949.19,547.5393,5,6,6,21.686,949.19292188,0.020000000000003126,1.0,False,False,11,Bardzo dobry
2026-05-16 11:09:53,station_01,21.7,949.2351563,547.1428,4,6,6,21.689,949.19793751,-0.019354838709680442,1.0,False,False,11,Bardzo dobry
2026-05-16 11:10:24,station_01,21.71,949.2398437,547.1019,4,6,6,21.693,949.2051718800001,0.019354838709680442,1.0,False,False,11,Bardzo dobry
2026-05-16 11:10:53,station_01,21.7,949.2729688,546.8115,4,5,5,21.695,949.2140468800001,-0.020689655172417026,1.0,False,False,11,Bardzo dobry
2026-05-16 11:11:24,station_01,21.71,949.3146094,546.4457,3,5,5,21.698,949.22341407,0.019354838709680442,1.0,False,False,11,Bardzo dobry
2026-05-16 11:11:54,station_01,21.72,949.2960937,546.6085,5,6,7,21.701,949.23335157,0.01999999999999602,0.8571428571428571,False,False,11,Bardzo dobry
2026-05-16 11:12:24,station_01,21.72,949.294375,546.6233,4,6,7,21.704,949.2461797,0.0,0.8571428571428571,False,False,11,Bardzo dobry
2026-05-16 11:12:54,station_01,21.71,949.3224219,546.3768,4,5,5,21.707,949.2597812600001,-0.01999999999999602,1.0,False,False,11,Bardzo dobry
2026-05-16 11:13:24,station_01,21.72,949.41,545.6088,3,5,5,21.71,949.28000001,0.01999999999999602,1.0,False,False,11,Bardzo dobry
2026-05-16 11:13:55,station_01,21.72,949.3548437,546.0927,4,5,6,21.712,949.29303125,0.0,0.8333333333333334,False,False,11,Bardzo dobry
2026-05-16 11:14:21,station_01,21.71,949.3683594,545.9739,5,6,6,21.712,949.31086719,-0.023076923076918485,1.0,False,False,11,Bardzo dobry
2026-05-16 11:14:52,station_01,21.72,949.3601563,546.046,4,6,6,21.714,949.32336719,0.019354838709673566,1.0,False,False,11,Bardzo dobry
2026-05-16 11:15:22,station_01,21.72,949.3707813,545.9528,4,5,5,21.714999999999996,949.3364609500001,0.0,1.0,False,False,11,Bardzo dobry
2026-05-16 11:15:52,station_01,21.72,949.364375,546.0089,4,6,6,21.717000000000002,949.3456015700001,0.0,1.0,False,False,11,Bardzo dobry
2026-05-16 11:16:23,station_01,21.72,949.3982812,545.7115,5,7,7,21.718,949.35396875,0.0,1.0,False,False,11,Bardzo dobry
2026-05-16 11:16:53,station_01,21.72,949.3707813,545.9528,4,5,6,21.718,949.36143751,0.0,0.8333333333333334,False,False,11,Bardzo dobry
2026-05-16 11:17:24,station_01,21.71,949.3544531,546.0964,5,6,6,21.717,949.3674453200001,-0.019354838709673566,1.0,False,False,11,Bardzo dobry
2026-05-16 11:17:53,station_01,21.72,949.369375,545.9649,5,7,7,21.717999999999996,949.3721406299999,0.020689655172409678,1.0,False,False,11,Bardzo dobry
2026-05-16 11:18:24,station_01,21.72,949.3707813,545.9528,4,6,7,21.717999999999996,949.36821876,0.0,0.8571428571428571,False,False,11,Bardzo dobry
2026-05-16 11:18:54,station_01,21.7,949.35125,546.124,4,5,7,21.716,949.36785939,-0.03999999999999915,0.7142857142857143,False,False,11,Bardzo dobry
2026-05-16 11:19:24,station_01,21.7,949.3657813,545.9967,4,6,6,21.714999999999996,949.3676015799999,0.0,1.0,False,False,11,Bardzo dobry
2026-05-16 11:19:55,station_01,21.71,949.3608594,546.0402,5,8,9,21.714000000000002,949.36767189,0.019354838709680442,0.8888888888888888,False,False,11,Bardzo dobry
2026-05-16 11:20:22,station_01,21.7,949.3440625,546.2215,4,6,6,21.712,949.36500001,-0.022222222222225696,1.0,False,False,11,Bardzo dobry
2026-05-16 11:20:52,station_01,21.7,949.3775,545.8939,5,7,8,21.709999999999997,949.36631251,0.0,0.875,False,False,11,Bardzo dobry
2026-05-16 11:21:22,station_01,21.7,949.3707813,545.9528,6,7,7,21.708000000000002,949.3635625200001,0.0,1.0,False,False,11,Bardzo dobry
2026-05-16 11:21:53,station_01,21.71,949.3715625,545.9459,4,5,6,21.707,949.3636406399999,0.019354838709680442,0.8333333333333334,False,False,11,Bardzo dobry
2026-05-16 11:22:23,station_01,21.7,949.3903125,545.781,3,4,5,21.706,949.3672265800002,-0.020000000000003126,0.8,False,False,11,Bardzo dobry
2026-05-16 11:22:53,station_01,21.71,949.3665625,545.9899,4,5,6,21.705000000000002,949.3669453300001,0.020000000000003126,0.8333333333333334,False,False,11,Bardzo dobry
2026-05-16 11:23:24,station_01,21.72,949.4117187,545.5934,5,5,6,21.705000000000002,949.37103907,0.019354838709673566,0.8333333333333334,False,False,11,Bardzo dobry
2026-05-16 11:23:54,station_01,21.71,949.4078125,545.6273,4,6,6,21.706,949.37669532,-0.01999999999999602,1.0,False,False,11,Bardzo dobry
2026-05-16 11:24:24,station_01,21.71,949.4395312,545.3495,4,5,7,21.707,949.3840703100001,0.0,0.7142857142857143,False,False,11,Bardzo dobry
2026-05-16 11:24:54,station_01,21.72,949.461875,545.1534,5,7,7,21.708,949.39417187,0.01999999999999602,1.0,False,False,11,Bardzo dobry
2026-05-16 11:25:24,station_01,21.72,949.4846875,544.9531,4,7,8,21.71,949.40823437,0.0,0.875,False,False,11,Bardzo dobry
2026-05-16 11:25:54,station_01,21.71,949.4786719,545.0056,5,7,7,21.711,949.41835156,-0.01999999999999602,1.0,False,False,11,Bardzo dobry
2026-05-16 11:26:22,station_01,21.71,949.5323437,544.535,5,6,6,21.712,949.4345077999999,0.0,1.0,False,False,11,Bardzo dobry
2026-05-16 11:26:52,station_01,21.71,949.5228125,544.6182,6,6,6,21.712,949.4496328000001,0.0,1.0,False,False,11,Bardzo dobry
2026-05-16 11:27:22,station_01,21.71,949.5608594,544.2848,4,6,6,21.713,949.4666874899998,0.0,1.0,False,False,11,Bardzo dobry
2026-05-16 11:27:53,station_01,21.71,949.5573437,544.315,2,5,6,21.713,949.4857656099999,0.0,0.8333333333333334,False,False,11,Bardzo dobry
2026-05-16 11:28:23,station_01,21.71,949.5707812,544.1974,5,6,7,21.712,949.50167186,0.0,0.8571428571428571,False,False,11,Bardzo dobry
2026-05-16 11:28:53,station_01,21.7,949.5878125,544.0479,5,7,7,21.711000000000002,949.5196718599998,-0.020000000000003126,1.0,False,False,11,Bardzo dobry
2026-05-16 11:29:23,station_01,21.71,949.5298438,544.5567,4,5,6,21.711000000000002,949.5287031199999,0.020000000000003126,0.8333333333333334,False,False,11,Bardzo dobry
2026-05-16 11:29:54,station_01,21.7,949.6007031,543.9351,6,8,8,21.709,949.5425859300001,-0.019354838709680442,1.0,False,False,11,Bardzo dobry
2026-05-16 11:30:24,station_01,21.7,949.6184375,543.7798,5,7,7,21.707,949.5559609300001,0.0,1.0,False,False,11,Bardzo dobry
2026-05-16 11:30:54,station_01,21.7,949.6270312,543.704,6,7,7,21.706,949.57079686,0.0,1.0,False,False,11,Bardzo dobry
2026-05-16 11:31:24,station_01,21.7,949.64125,543.5795,5,6,7,21.705,949.5816874900001,0.0,0.8571428571428571,False,False,11,Bardzo dobry
2026-05-16 11:31:54,station_01,21.7,949.6359375,543.6261,4,7,7,21.704,949.59299999,0.0,1.0,False,False,11,Bardzo dobry
2026-05-16 11:32:22,station_01,21.7,949.65375,543.4353,4,6,6,21.703,949.6022890499999,0.0,1.0,False,False,11,Bardzo dobry
2026-05-16 11:32:52,station_01,21.7,949.6142187,543.8163,5,7,8,21.701999999999998,949.6079765500001,0.0,0.875,False,False,11,Bardzo dobry
2026-05-16 11:33:22,station_01,21.7,949.623125,543.7385,4,6,6,21.701,949.61321093,0.0,1.0,False,False,11,Bardzo dobry
2026-05-16 11:33:52,station_01,21.69,949.6379688,543.6081,5,6,6,21.7,949.61822656,-0.01999999999999602,1.0,False,False,11,Bardzo dobry
2026-05-16 11:34:23,station_01,21.69,949.6429688,543.5641,5,7,7,21.698,949.6295390600001,0.0,1.0,False,False,11,Bardzo dobry
2026-05-16 11:34:53,station_01,21.67,949.6144531,543.8142,5,9,10,21.695,949.6309140599999,-0.03999999999999915,0.9,False,False,11,Bardzo dobry
2026-05-16 11:35:23,station_01,21.67,949.6429688,543.5641,4,6,6,21.692,949.63336719,0.0,1.0,False,False,11,Bardzo dobry
2026-05-16 11:35:53,station_01,21.67,949.6120312,543.8354,5,8,8,21.689,949.6318671900001,0.0,1.0,False,False,11,Bardzo dobry
2026-05-16 11:36:24,station_01,21.66,949.595625,543.9796,5,8,10,21.685000000000002,949.62730469,-0.019354838709680442,0.8,False,False,11,Bardzo dobry
2026-05-16 11:36:54,station_01,21.68,949.6276562,543.6982,4,6,6,21.683,949.6264765600001,0.03999999999999915,1.0,False,False,11,Bardzo dobry
2026-05-16 11:37:26,station_01,21.67,949.6109375,543.845,5,7,7,21.68,949.62219531,-0.01874999999999627,1.0,False,False,11,Bardzo dobry
2026-05-16 11:37:55,station_01,21.68,949.6095313,543.8571,5,9,9,21.678000000000004,949.6217265700001,0.020689655172409678,1.0,False,False,11,Bardzo dobry
2026-05-16 11:38:22,station_01,21.67,949.5913281,544.0172,5,7,8,21.675,949.61854688,-0.0222222222222178,0.875,False,False,11,Bardzo dobry
2026-05-16 11:38:54,station_01,21.67,949.6270312,543.704,4,6,8,21.673000000000002,949.61745312,0.0,0.75,False,False,11,Bardzo dobry
2026-05-16 11:39:22,station_01,21.67,949.6429688,543.5641,5,6,6,21.671,949.61745312,0.0,1.0,False,False,11,Bardzo dobry
2026-05-16 11:39:53,station_01,21.68,949.6935156,543.1205,5,6,7,21.672,949.6253593700001,0.019354838709673566,0.8571428571428571,False,False,11,Bardzo dobry
2026-05-16 11:40:23,station_01,21.68,949.6878125,543.1709,5,6,6,21.673000000000002,949.6298437399998,0.0,1.0,False,False,11,Bardzo dobry
2026-05-16 11:40:53,station_01,21.68,949.71625,542.9213,6,7,7,21.674,949.64026562,0.0,1.0,False,False,11,Bardzo dobry
2026-05-16 11:41:23,station_01,21.68,949.7294531,542.8052,3,5,5,21.676,949.6536484299999,0.0,1.0,False,False,11,Bardzo dobry
2026-05-16 11:41:53,station_01,21.68,949.7180469,542.9054,4,5,5,21.676,949.6626875,0.0,1.0,False,False,11,Bardzo dobry
2026-05-16 11:42:24,station_01,21.68,949.7625,542.5154,5,6,6,21.677,949.67784375,0.0,1.0,False,False,11,Bardzo dobry
2026-05-16 11:42:54,station_01,21.68,949.739375,542.7184,5,6,6,21.677,949.6908281200001,0.0,1.0,False,False,11,Bardzo dobry
2026-05-16 11:43:24,station_01,21.67,949.7871,542.2993,6,6,6,21.677,949.7104053099999,-0.01999999999999602,1.0,False,False,11,Bardzo dobry
2026-05-16 11:43:54,station_01,21.67,949.7728125,542.4248,4,6,7,21.677,949.72498344,0.0,0.8571428571428571,False,False,11,Bardzo dobry
2026-05-16 11:44:22,station_01,21.66,949.8109375,542.0905,5,6,7,21.676000000000002,949.74178031,-0.021428571428574777,0.8571428571428571,False,False,11,Bardzo dobry
2026-05-16 11:44:52,station_01,21.67,949.800625,542.1811,4,7,7,21.675,949.7524912499999,0.020000000000003126,1.0,False,False,11,Bardzo dobry
2026-05-16 11:45:22,station_01,21.67,949.7845312,542.322,5,5,5,21.674,949.7621631200002,0.0,1.0,False,False,11,Bardzo dobry
2026-05-16 11:45:53,station_01,21.67,949.8059375,542.1345,5,7,7,21.673,949.77113187,0.0,1.0,False,False,11,Bardzo dobry
2026-05-16 11:46:23,station_01,21.67,949.8165625,542.0406,7,9,9,21.672000000000004,949.7798428100001,0.0,1.0,False,False,11,Bardzo dobry
2026-05-16 11:46:53,station_01,21.66,949.8278906,541.9416,4,6,9,21.67,949.79082718,-0.020000000000003126,0.6666666666666666,False,False,11,Bardzo dobry
2026-05-16 11:47:23,station_01,21.66,949.8653125,541.6136,5,6,8,21.668,949.80110843,0.0,0.75,False,False,11,Bardzo dobry
2026-05-16 11:47:53,station_01,21.66,949.8760156,541.5193,6,6,6,21.666,949.81477249,0.0,1.0,False,False,11,Bardzo dobry
2026-05-16 11:48:24,station_01,21.66,949.8457,541.7853,5,5,6,21.665,949.82063249,0.0,0.8333333333333334,False,False,11,Bardzo dobry
2026-05-16 11:48:54,station_01,21.65,949.8894531,541.4017,4,6,6,21.663000000000004,949.8322965499999,-0.020000000000003126,1.0,False,False,11,Bardzo dobry
2026-05-16 11:49:24,station_01,21.65,949.8876562,541.4176,5,6,6,21.662,949.83996842,0.0,1.0,False,False,11,Bardzo dobry
2026-05-16 11:49:54,station_01,21.65,949.9165625,541.1638,6,7,8,21.66,949.8515621700001,0.0,0.875,False,False,11,Bardzo dobry
2026-05-16 11:50:22,station_01,21.65,949.906875,541.2491,5,6,6,21.657999999999998,949.86379655,0.0,1.0,False,False,11,Bardzo dobry
2026-05-16 11:50:52,station_01,21.64,949.9111719,541.2109,6,7,7,21.655,949.87431999,-0.01999999999999602,1.0,False,False,11,Bardzo dobry
2026-05-16 11:51:22,station_01,21.65,949.9314844,541.033,4,7,8,21.653,949.88581218,0.01999999999999602,0.875,False,False,11,Bardzo dobry
2026-05-16 11:51:53,station_01,21.65,949.9336,541.0144,5,7,7,21.651999999999997,949.8963831200001,0.0,1.0,False,False,11,Bardzo dobry
2026-05-16 11:52:23,station_01,21.65,949.9321875,541.0266,5,6,7,21.651,949.9030706199999,0.0,0.8571428571428571,False,False,11,Bardzo dobry
2026-05-16 11:52:53,station_01,21.65,950.0047656,540.3903,6,7,7,21.65,949.9159456199999,0.0,1.0,False,False,11,Bardzo dobry
2026-05-16 11:53:23,station_01,21.65,950.0310937,540.1594,4,6,7,21.648999999999997,949.9344849900001,0.0,0.8571428571428571,False,False,11,Bardzo dobry
2026-05-16 11:53:54,station_01,21.65,950.0275,540.1906,5,8,8,21.648999999999997,949.94828968,0.0,1.0,False,False,11,Bardzo dobry
2026-05-16 11:54:24,station_01,21.66,950.0057813,540.3808,4,6,6,21.65,949.96010219,0.020000000000003126,1.0,False,False,11,Bardzo dobry
2026-05-16 11:54:54,station_01,21.66,950.0026562,540.4083,5,7,8,21.651,949.96871156,0.0,0.875,False,False,11,Bardzo dobry
2026-05-16 11:55:24,station_01,21.65,950.0335938,540.1376,4,5,6,21.651,949.98138344,-0.020000000000003126,0.8333333333333334,False,False,11,Bardzo dobry
2026-05-16 11:55:54,station_01,21.65,950.0232812,540.2277,5,7,8,21.651999999999997,949.99259437,0.0,0.875,False,False,11,Bardzo dobry
2026-05-16 11:56:22,station_01,21.65,950.0603125,539.903,4,5,6,21.652,950.00547718,0.0,0.8333333333333334,False,False,11,Bardzo dobry
2026-05-16 11:56:52,station_01,21.65,950.0407031,540.0746,6,7,7,21.651999999999997,950.0161874899999,0.0,1.0,False,False,11,Bardzo dobry
2026-05-16 11:57:22,station_01,21.65,950.019375,540.2621,5,8,8,21.651999999999997,950.0249062399998,0.0,1.0,False,False,11,Bardzo dobry
2026-05-16 11:57:53,station_01,21.64,950.0271875,540.1938,6,8,8,21.651,950.0271484299999,-0.019354838709673566,1.0,False,False,11,Bardzo dobry
2026-05-16 11:58:23,station_01,21.64,950.0414063,540.0688,5,7,8,21.65,950.0281796900001,0.0,0.875,False,False,11,Bardzo dobry
2026-05-16 11:58:53,station_01,21.64,950.0414063,540.0688,5,6,6,21.649,950.0295703200002,0.0,1.0,False,False,11,Bardzo dobry
2026-05-16 11:59:23,station_01,21.64,950.0609375,539.8976,5,7,7,21.647,950.0350859399999,0.0,1.0,False,False,11,Bardzo dobry
2026-05-16 11:59:53,station_01,21.64,950.0584375,539.9194,5,6,7,21.645000000000003,950.0406640699999,0.0,0.8571428571428571,False,False,11,Bardzo dobry
2026-05-16 12:00:24,station_01,21.63,950.0901562,539.6413,5,7,8,21.643,950.04632031,-0.019354838709680442,0.875,False,False,12,Bardzo dobry
2026-05-16 12:00:54,station_01,21.64,950.0979687,539.5724,6,7,8,21.642,950.0537890600001,0.020000000000003126,0.875,False,False,12,Bardzo dobry
2026-05-16 12:01:24,station_01,21.64,950.0690625,539.8256,5,6,6,21.641,950.0546640599999,0.0,1.0,False,False,12,Bardzo dobry
2026-05-16 12:01:54,station_01,21.63,950.1203125,539.377,5,7,8,21.639000000000003,950.0626250000001,-0.020000000000003126,0.875,False,False,12,Bardzo dobry
2026-05-16 12:02:22,station_01,21.64,950.1175781,539.4008,6,7,8,21.637999999999998,950.0724453099999,0.021428571428574777,0.875,False,False,12,Bardzo dobry
2026-05-16 12:02:52,station_01,21.64,950.0944531,539.6031,5,7,8,21.637999999999998,950.07917187,0.0,0.875,False,False,12,Bardzo dobry
2026-05-16 12:03:22,station_01,21.65,950.0951562,539.5973,6,8,8,21.639000000000003,950.08454686,0.01999999999999602,1.0,False,False,12,Bardzo dobry
2026-05-16 12:03:53,station_01,21.65,950.1086719,539.4792,7,9,11,21.639999999999997,950.0912734199999,0.0,0.8181818181818182,False,False,12,Bardzo dobry
2026-05-16 12:04:23,station_01,21.65,950.1115625,539.4532,6,8,9,21.641,950.0963359200001,0.0,0.8888888888888888,False,False,12,Bardzo dobry
2026-05-16 12:04:53,station_01,21.65,950.1079688,539.485,5,7,7,21.642,950.1012890499999,0.0,1.0,False,False,12,Bardzo dobry
2026-05-16 12:05:24,station_01,21.65,950.1328,539.2668,6,8,11,21.644,950.10555343,0.0,0.7272727272727273,False,False,12,Bardzo dobry
2026-05-16 12:05:54,station_01,21.65,950.1425,539.182,5,6,7,21.645,950.11000656,0.0,0.8571428571428571,False,False,12,Bardzo dobry
2026-05-16 12:06:24,station_01,21.65,950.0845313,539.6216,6,8,9,21.645999999999997,950.11155344,0.0,0.8888888888888888,False,False,12,Bardzo dobry
2026-05-16 12:06:54,station_01,21.65,950.1278906,539.3102,6,8,10,21.648,950.11231125,0.0,0.8,False,False,12,Bardzo dobry
2026-05-16 12:07:24,station_01,21.65,950.1104687,539.4628,5,7,7,21.649,950.11160031,0.0,1.0,False,False,12,Bardzo dobry
2026-05-16 12:07:55,station_01,21.65,950.155,539.0718,7,8,8,21.65,950.117655,0.0,1.0,False,False,12,Bardzo dobry
2026-05-16 12:08:22,station_01,21.65,950.1525,539.0941,6,9,10,21.65,950.1233893799999,0.0,0.9,False,False,12,Bardzo dobry
2026-05-16 12:08:52,station_01,21.64,950.1464063,539.1476,5,7,7,21.649,950.12716282,-0.01999999999999602,1.0,False,False,12,Bardzo dobry
2026-05-16 12:09:23,station_01,21.64,950.1495312,539.1201,7,8,9,21.648,950.1309596899998,0.0,0.8888888888888888,False,False,12,Bardzo dobry
2026-05-16 12:09:53,station_01,21.64,950.1535156,539.0856,5,8,9,21.647,950.13551437,0.0,0.8888888888888888,False,False,12,Bardzo dobry
2026-05-16 12:10:23,station_01,21.65,950.1592188,539.0353,5,7,7,21.647,950.1381562499998,0.01999999999999602,1.0,False,False,12,Bardzo dobry
2026-05-16 12:10:53,station_01,21.64,950.1442188,539.1666,5,8,8,21.646,950.1383281299999,-0.01999999999999602,1.0,False,False,12,Bardzo dobry
2026-05-16 12:11:24,station_01,21.63,950.1929687,538.7392,5,7,9,21.644,950.1491718700001,-0.019354838709680442,0.7777777777777778,False,False,12,Bardzo dobry
2026-05-16 12:11:53,station_01,21.63,950.1484,539.1301,6,8,9,21.642,950.15122281,0.0,0.8888888888888888,False,False,12,Bardzo dobry
2026-05-16 12:12:24,station_01,21.63,950.1715625,538.9272,5,6,7,21.639999999999997,950.1573321899999,0.0,0.8571428571428571,False,False,12,Bardzo dobry
2026-05-16 12:12:54,station_01,21.63,950.1921875,538.7461,6,7,7,21.637999999999998,950.16105094,0.0,1.0,False,False,12,Bardzo dobry
2026-05-16 12:13:24,station_01,21.62,950.1989844,538.6868,6,8,8,21.634999999999998,950.16569938,-0.01999999999999602,1.0,False,False,12,Bardzo dobry
2026-05-16 12:13:55,station_01,21.62,950.176875,538.8806,6,8,8,21.633,950.16874625,0.0,1.0,False,False,12,Bardzo dobry
2026-05-16 12:14:22,station_01,21.62,950.1910938,538.7556,5,7,8,21.631,950.1729025100001,0.0,0.875,False,False,12,Bardzo dobry
2026-05-16 12:14:52,station_01,21.6,950.205625,538.6285,5,8,9,21.627,950.1781134500001,-0.03999999999999915,0.8888888888888888,False,False,12,Bardzo dobry
2026-05-16 12:15:23,station_01,21.6,950.2351563,538.3695,5,8,8,21.622000000000003,950.1857072,0.0,1.0,False,False,12,Bardzo dobry
2026-05-16 12:15:52,station_01,21.59,950.2117188,538.575,6,9,10,21.616999999999997,950.1924572,-0.020689655172417026,0.9,False,False,12,Bardzo dobry
2026-05-16 12:16:23,station_01,21.57,950.1984375,538.6915,5,7,7,21.611,950.19300408,-0.03870967741935401,1.0,False,False,12,Bardzo dobry
2026-05-16 12:16:54,station_01,21.57,950.2232813,538.4738,6,8,8,21.605,950.2004922099999,0.0,1.0,False,False,12,Bardzo dobry
2026-05-16 12:17:24,station_01,21.57,950.245625,538.2778,6,8,10,21.599,950.2078984599999,0.0,0.8,False,False,12,Bardzo dobry
2026-05-16 12:17:53,station_01,21.56,950.2844531,537.9373,5,7,9,21.592000000000002,950.2171250200001,-0.020689655172417026,0.7777777777777778,False,False,12,Bardzo dobry
2026-05-16 12:18:24,station_01,21.56,950.2453125,538.2805,6,8,8,21.586000000000002,950.22175783,0.0,1.0,False,False,12,Bardzo dobry
2026-05-16 12:18:54,station_01,21.57,950.270625,538.058,6,8,8,21.581,950.23113283,0.020000000000003126,1.0,False,False,12,Bardzo dobry
2026-05-16 12:19:24,station_01,21.56,950.2221875,538.4833,7,8,8,21.575,950.2342421999999,-0.020000000000003126,1.0,False,False,12,Bardzo dobry
2026-05-16 12:19:55,station_01,21.56,950.2375,538.3488,6,7,8,21.571,950.2374296999999,0.0,0.875,False,False,12,Bardzo dobry
2026-05-16 12:20:22,station_01,21.56,950.2328906,538.3891,7,10,10,21.567,950.2372031299999,0.0,1.0,False,False,12,Bardzo dobry
2026-05-16 12:20:52,station_01,21.56,950.2360938,538.361,6,8,8,21.564,950.23964063,0.0,1.0,False,False,12,Bardzo dobry
2026-05-16 12:21:23,station_01,21.55,950.2395313,538.3314,5,6,6,21.561999999999998,950.2437500099999,-0.019354838709673566,1.0,False,False,12,Bardzo dobry
2026-05-16 12:21:53,station_01,21.55,950.1954688,538.7169,6,9,10,21.56,950.24096876,0.0,0.9,False,False,12,Bardzo dobry
2026-05-16 12:22:23,station_01,21.55,950.22,538.5024,5,7,8,21.558,950.23840626,0.0,0.875,False,False,12,Bardzo dobry
2026-05-16 12:22:55,station_01,21.54,950.194375,538.727,6,8,9,21.556,950.22939845,-0.01875000000000293,0.8888888888888888,False,False,12,Bardzo dobry
2026-05-16 12:23:23,station_01,21.54,950.2334375,538.3843,6,8,8,21.554,950.22821095,0.0,1.0,False,False,12,Bardzo dobry
2026-05-16 12:23:54,station_01,21.53,950.179375,538.8583,6,8,9,21.55,950.2190859499999,-0.019354838709673566,0.8888888888888888,False,False,12,Bardzo dobry
2026-05-16 12:24:24,station_01,21.52,950.1939063,538.7313,5,7,8,21.546,950.21625783,-0.020000000000003126,0.875,False,False,12,Bardzo dobry
2026-05-16 12:24:54,station_01,21.5,950.2065625,538.6205,7,9,9,21.54,950.2131640800001,-0.03999999999999915,1.0,False,False,12,Bardzo dobry
2026-05-16 12:25:24,station_01,21.48,950.1883594,538.78,8,9,10,21.532,950.2087109600001,-0.03999999999999915,0.9,False,False,12,Bardzo dobry
2026-05-16 12:25:55,station_01,21.46,950.2103125,538.5872,6,8,8,21.522,950.20613283,-0.03870967741935401,1.0,False,False,12,Bardzo dobry
2026-05-16 12:26:22,station_01,21.45,950.1882031,538.781,5,7,8,21.512,950.2010000100001,-0.022222222222225696,0.875,False,False,12,Bardzo dobry
2026-05-16 12:26:52,station_01,21.43,950.1628125,539.0035,7,8,8,21.5,950.1977343799999,-0.03999999999999915,1.0,False,False,12,Bardzo dobry
2026-05-16 12:27:22,station_01,21.42,950.1667187,538.9691,7,9,9,21.487,950.19240625,-0.01999999999999602,1.0,False,False,12,Bardzo dobry
2026-05-16 12:27:53,station_01,21.41,950.1670313,538.9664,7,10,10,21.474,950.1896718799999,-0.019354838709680442,1.0,False,False,12,Bardzo dobry
2026-05-16 12:28:23,station_01,21.4,950.2035937,538.646,7,9,9,21.46,950.1866875,-0.020000000000003126,1.0,False,False,12,Bardzo dobry
2026-05-16 12:28:54,station_01,21.4,950.2107812,538.5834,7,10,10,21.447,950.1898281200001,0.0,1.0,False,False,12,Bardzo dobry
2026-05-16 12:29:24,station_01,21.42,950.2111719,538.5798,7,9,9,21.437,950.1915546800001,0.04000000000000625,1.0,False,False,12,Bardzo dobry
2026-05-16 12:29:54,station_01,21.42,950.2325,538.3928,7,10,10,21.429,950.1941484300002,0.0,1.0,False,False,12,Bardzo dobry
2026-05-16 12:30:24,station_01,21.42,950.2435937,538.2953,7,9,9,21.423000000000002,950.19967186,0.0,1.0,False,False,12,Bardzo dobry
2026-05-16 12:30:56,station_01,21.41,950.2492187,538.2461,6,7,7,21.418,950.2035624800001,-0.01875000000000293,1.0,False,False,12,Bardzo dobry
2026-05-16 12:31:25,station_01,21.41,950.2592187,538.1581,7,9,10,21.414,950.21066404,0.0,0.9,False,False,12,Bardzo dobry
2026-05-16 12:31:54,station_01,21.4,950.2225,538.4807,7,9,9,21.411,950.2166327900001,-0.020689655172417026,1.0,False,False,12,Bardzo dobry
2026-05-16 12:32:22,station_01,21.39,950.23875,538.3377,7,9,9,21.408,950.22383592,-0.021428571428567165,1.0,False,False,12,Bardzo dobry
2026-05-16 12:32:52,station_01,21.39,950.2477344,538.2588,6,9,9,21.406,950.23190623,0.0,1.0,False,False,12,Bardzo dobry
2026-05-16 12:33:22,station_01,21.36,950.2340625,538.379,6,8,8,21.402,950.2349531100001,-0.060000000000002274,1.0,False,False,12,Bardzo dobry
2026-05-16 12:33:53,station_01,21.35,950.2792188,537.9828,6,7,7,21.397,950.2417968699999,-0.019354838709673566,1.0,False,False,12,Bardzo dobry
2026-05-16 12:34:23,station_01,21.33,950.2658594,538.0999,7,8,8,21.388,950.24726562,-0.04000000000000625,1.0,False,False,12,Bardzo dobry
2026-05-16 12:34:53,station_01,21.33,950.2359375,538.3621,6,10,11,21.378999999999998,950.2476093700001,0.0,0.9090909090909091,False,False,12,Bardzo dobry
2026-05-16 12:35:23,station_01,21.34,950.2146875,538.549,7,8,9,21.371000000000002,950.24471875,0.020000000000003126,0.8888888888888888,False,False,12,Bardzo dobry
2026-05-16 12:35:54,station_01,21.32,950.1935937,538.7339,8,10,11,21.362,950.23915625,-0.03870967741935401,0.9090909090909091,False,False,12,Bardzo dobry
2026-05-16 12:36:24,station_01,21.31,950.1836,538.8218,7,9,10,21.351999999999997,950.23159438,-0.020000000000003126,0.9,False,False,12,Bardzo dobry
2026-05-16 12:36:54,station_01,21.3,950.2,538.6777,7,8,8,21.342000000000002,950.2293443800002,-0.01999999999999602,1.0,False,False,12,Bardzo dobry
2026-05-16 12:37:24,station_01,21.3,950.236875,538.3541,6,8,9,21.333,950.2291568799999,0.0,0.8888888888888888,False,False,12,Bardzo dobry
2026-05-16 12:37:54,station_01,21.31,950.24375,538.2938,6,8,9,21.325,950.2287584399999,0.01999999999999602,0.8888888888888888,False,False,12,Bardzo dobry
2026-05-16 12:38:22,station_01,21.31,950.2540625,538.2032,7,9,9,21.32,950.2307584399999,0.0,1.0,False,False,12,Bardzo dobry
2026-05-16 12:38:52,station_01,21.32,950.2408594,538.3197,7,9,9,21.317,950.2269225,0.020000000000003126,1.0,False,False,12,Bardzo dobry
2026-05-16 12:39:22,station_01,21.34,950.2776562,537.9966,6,9,9,21.317999999999998,950.22810218,0.03999999999999915,1.0,False,False,12,Bardzo dobry
2026-05-16 12:39:52,station_01,21.36,950.2172656,538.5262,7,10,10,21.321,950.22623499,0.03999999999999915,1.0,False,False,12,Bardzo dobry
2026-05-16 12:40:23,station_01,21.37,950.210625,538.5845,7,10,10,21.324,950.22582874,0.019354838709680442,1.0,False,False,12,Bardzo dobry
2026-05-16 12:40:53,station_01,21.38,950.23125,538.4034,7,8,9,21.330000000000002,950.2295943700001,0.01999999999999602,0.8888888888888888,False,False,12,Bardzo dobry
2026-05-16 12:41:24,station_01,21.4,950.2175,538.5242,6,8,8,21.339000000000002,950.2329843699999,0.03870967741935401,1.0,False,False,12,Bardzo dobry
2026-05-16 12:41:54,station_01,21.41,950.1973,538.7016,7,8,8,21.35,950.23271437,0.020000000000003126,1.0,False,False,12,Bardzo dobry
2026-05-16 12:42:24,station_01,21.42,950.2165625,538.5326,6,9,9,21.362,950.2306831200001,0.020000000000003126,1.0,False,False,12,Bardzo dobry
2026-05-16 12:42:54,station_01,21.43,950.1845312,538.8134,6,9,9,21.374000000000002,950.22476124,0.01999999999999602,1.0,False,False,12,Bardzo dobry
2026-05-16 12:43:24,station_01,21.45,950.2198437,538.5035,5,7,7,21.387999999999998,950.2213393600001,0.03999999999999915,1.0,False,False,12,Bardzo dobry
2026-05-16 12:43:55,station_01,21.46,950.1782813,538.8679,6,8,9,21.402,950.2150815499999,0.019354838709680442,0.8888888888888888,False,False,12,Bardzo dobry
2026-05-16 12:44:22,station_01,21.48,950.2040625,538.6423,7,10,10,21.416000000000004,950.20772218,0.044444444444443496,1.0,False,False,12,Bardzo dobry
2026-05-16 12:44:52,station_01,21.47,950.1854688,538.8049,8,11,11,21.427,950.2045425,-0.020000000000003126,1.0,False,False,12,Bardzo dobry
2026-05-16 12:45:22,station_01,21.48,950.2470312,538.2651,8,10,10,21.438,950.2081831200001,0.020000000000003126,1.0,False,False,12,Bardzo dobry
2026-05-16 12:45:53,station_01,21.5,950.2279687,538.4325,8,11,13,21.45,950.20785499,0.03870967741935401,0.8461538461538461,False,False,12,Bardzo dobry
2026-05-16 12:46:23,station_01,21.5,950.26,538.1512,7,8,8,21.46,950.2121049900001,0.0,1.0,False,False,12,Bardzo dobry
2026-05-16 12:46:53,station_01,21.5,950.2122656,538.5703,7,9,10,21.469,950.21360155,0.0,0.9,False,False,12,Bardzo dobry
2026-05-16 12:47:24,station_01,21.51,950.2521875,538.2201,6,7,7,21.478,950.2171640499998,0.019354838709680442,1.0,False,False,12,Bardzo dobry
2026-05-16 12:47:54,station_01,21.51,950.2396875,538.3298,6,9,9,21.486,950.2226796799999,0.0,1.0,False,False,12,Bardzo dobry
2026-05-16 12:48:24,station_01,21.5,950.2145313,538.5501,7,9,10,21.491000000000003,950.22214844,-0.020000000000003126,0.9,False,False,12,Bardzo dobry
2026-05-16 12:48:54,station_01,21.51,950.2824219,537.9548,7,9,9,21.496000000000002,950.2325625000001,0.020000000000003126,1.0,False,False,12,Bardzo dobry
2026-05-16 12:49:25,station_01,21.51,950.2917187,537.8732,8,10,10,21.499000000000002,950.24132812,0.0,1.0,False,False,12,Bardzo dobry
2026-05-16 12:49:55,station_01,21.51,950.2515625,538.2254,7,8,8,21.503,950.24793749,0.0,1.0,False,False,12,Bardzo dobry
2026-05-16 12:50:22,station_01,21.5,950.285625,537.9267,7,9,9,21.505000000000003,950.2517968700001,-0.022222222222225696,1.0,False,False,12,Bardzo dobry
2026-05-16 12:50:53,station_01,21.51,950.2796094,537.9797,8,9,9,21.506,950.25696094,0.019354838709680442,1.0,False,False,12,Bardzo dobry
2026-05-16 12:51:22,station_01,21.52,950.3322656,537.5178,7,9,9,21.508000000000003,950.2641874999999,0.020689655172409678,1.0,False,False,12,Bardzo dobry
2026-05-16 12:51:53,station_01,21.52,950.2874219,537.9108,5,9,9,21.509999999999998,950.2717031300001,0.0,1.0,False,False,12,Bardzo dobry
2026-05-16 12:52:23,station_01,21.52,950.2540625,538.2032,6,10,10,21.511000000000003,950.27189063,0.0,1.0,False,False,12,Bardzo dobry
2026-05-16 12:52:54,station_01,21.53,950.2637,538.1195,6,10,10,21.512999999999998,950.2742918800001,0.019354838709680442,1.0,False,False,12,Bardzo dobry
2026-05-16 12:53:24,station_01,21.54,950.3060937,537.7471,5,7,7,21.517,950.2834481200001,0.01999999999999602,1.0,False,False,12,Bardzo dobry
2026-05-16 12:53:54,station_01,21.54,950.3028125,537.7763,5,7,7,21.52,950.28548718,0.0,1.0,False,False,12,Bardzo dobry
2026-05-16 12:54:24,station_01,21.55,950.3071875,537.7376,7,11,11,21.524,950.2870340599999,0.020000000000003126,1.0,False,False,12,Bardzo dobry
2026-05-16 12:54:54,station_01,21.55,950.3110938,537.7032,7,9,10,21.528,950.29298719,0.0,0.9,False,False,12,Bardzo dobry
2026-05-16 12:55:24,station_01,21.55,950.2669531,538.0903,8,10,10,21.532999999999998,950.2911199999999,0.0,1.0,False,False,12,Bardzo dobry
2026-05-16 12:55:54,station_01,21.55,950.291875,537.8721,7,9,9,21.537,950.29234656,0.0,1.0,False,False,12,Bardzo dobry
2026-05-16 12:56:22,station_01,21.56,950.2798438,537.9775,7,9,9,21.541,950.28710438,0.021428571428567165,1.0,False,False,12,Bardzo dobry
2026-05-16 12:56:54,station_01,21.55,950.2786719,537.9876,6,8,8,21.544,950.2862293800001,-0.01874999999999627,1.0,False,False,12,Bardzo dobry
2026-05-16 12:57:23,station_01,21.55,950.3167187,537.6539,7,8,8,21.547,950.292495,0.0,1.0,False,False,12,Bardzo dobry
2026-05-16 12:57:53,station_01,21.54,950.2761719,538.0093,7,10,10,21.548,950.29374219,-0.020000000000003126,1.0,False,False,12,Bardzo dobry
2026-05-16 12:58:23,station_01,21.54,950.3309375,537.5295,7,8,8,21.548000000000002,950.29622657,0.0,1.0,False,False,12,Bardzo dobry
2026-05-16 12:58:53,station_01,21.56,950.3135937,537.6815,7,11,11,21.55,950.2973046899999,0.03999999999999915,1.0,False,False,12,Bardzo dobry
2026-05-16 12:59:24,station_01,21.57,950.34,537.4495,7,9,9,21.552,950.30058594,0.019354838709680442,1.0,False,False,12,Bardzo dobry
2026-05-16 12:59:53,station_01,21.57,950.3296875,537.5401,6,8,8,21.554,950.3024453099999,0.0,1.0,False,False,12,Bardzo dobry
2026-05-16 13:00:25,station_01,21.62,950.33875,537.4612,8,10,10,21.561,950.3096250000001,0.09375000000000133,1.0,False,False,13,Bardzo dobry
2026-05-16 13:00:54,station_01,21.65,950.3389063,537.4596,8,10,10,21.571,950.3143281299999,0.06206896551723638,1.0,False,False,13,Bardzo dobry
2026-05-16 13:01:24,station_01,21.67,950.3421875,537.6804,7,10,10,21.582,950.3205625,0.04000000000000625,1.0,False,False,13,Bardzo dobry
2026-05-16 13:01:55,station_01,21.65,950.3001562,537.7991,7,9,10,21.592,950.32271093,-0.038709677419360884,0.9,False,False,13,Bardzo dobry
2026-05-16 13:02:22,station_01,21.64,950.3207812,537.6185,7,11,12,21.601,950.32311718,-0.0222222222222178,0.9166666666666666,False,False,13,Bardzo dobry
2026-05-16 13:02:52,station_01,21.63,950.3189063,537.6349,6,9,10,21.610000000000003,950.32739062,-0.020000000000003126,0.9,False,False,13,Bardzo dobry
2026-05-16 13:03:22,station_01,21.6,950.31875,537.6365,7,8,8,21.616,950.3261718699999,-0.05999999999999517,1.0,False,False,13,Bardzo dobry
2026-05-16 13:03:53,station_01,21.59,950.3069531,537.7397,7,10,11,21.619000000000003,950.3255078100001,-0.019354838709680442,0.9090909090909091,False,False,13,Bardzo dobry
2026-05-16 13:04:23,station_01,21.59,950.298125,537.8176,6,9,9,21.621,950.32132031,0.0,1.0,False,False,13,Bardzo dobry
2026-05-16 13:04:53,station_01,21.57,950.3489063,537.3722,7,8,9,21.621000000000002,950.32324219,-0.03999999999999915,0.8888888888888888,False,False,13,Bardzo dobry
2026-05-16 13:05:23,station_01,21.54,950.3345313,537.4977,6,8,8,21.613,950.32282032,-0.060000000000002274,1.0,False,False,13,Bardzo dobry
2026-05-16 13:05:53,station_01,21.45,950.3167187,537.6539,7,9,9,21.592999999999996,950.3206015600001,-0.17999999999999972,1.0,False,False,13,Bardzo dobry
2026-05-16 13:06:25,station_01,21.41,950.35625,537.3071,7,9,9,21.567,950.32200781,-0.0749999999999984,1.0,False,False,13,Bardzo dobry
2026-05-16 13:06:54,station_01,21.39,950.3341406,537.5009,6,8,9,21.541,950.32540625,-0.041379310344826704,0.8888888888888888,False,False,13,Bardzo dobry
2026-05-16 13:07:25,station_01,21.37,950.3475781,537.3833,7,8,9,21.514000000000003,950.3280859399999,-0.03870967741935401,0.8888888888888888,False,False,13,Bardzo dobry
2026-05-16 13:07:54,station_01,21.35,950.3428125,537.4252,7,8,8,21.485999999999997,950.33047656,-0.041379310344826704,1.0,False,False,13,Bardzo dobry
2026-05-16 13:08:22,station_01,21.34,950.3417188,537.5883,6,10,14,21.46,950.33277344,-0.021428571428574777,0.7142857142857143,False,False,13,Bardzo dobry
2026-05-16 13:08:52,station_01,21.32,950.3501563,537.3611,6,8,8,21.433,950.3370937599999,-0.03999999999999915,1.0,False,False,13,Bardzo dobry
2026-05-16 13:09:23,station_01,21.31,950.365,537.2308,7,9,9,21.405,950.3437812600001,-0.019354838709680442,1.0,False,False,13,Bardzo dobry
2026-05-16 13:09:53,station_01,21.29,950.3589063,537.2842,7,8,8,21.377,950.3447812600001,-0.03999999999999915,1.0,False,False,13,Bardzo dobry
2026-05-16 13:10:23,station_01,21.29,950.3848437,537.0571,6,8,9,21.352,950.3498125,0.0,0.8888888888888888,False,False,13,Bardzo dobry
2026-05-16 13:10:54,station_01,21.28,950.4110156,536.8272,6,8,8,21.335,950.3592421899999,-0.019354838709673566,1.0,False,False,13,Bardzo dobry
2026-05-16 13:11:23,station_01,21.27,950.3878125,537.0306,6,8,8,21.320999999999998,950.3623984400001,-0.020689655172417026,1.0,False,False,13,Bardzo dobry
2026-05-16 13:11:54,station_01,21.27,950.3864844,537.0422,6,8,9,21.309,950.3676328200002,0.0,0.8888888888888888,False,False,13,Bardzo dobry
2026-05-16 13:12:24,station_01,21.24,950.4307812,536.6541,6,8,8,21.296,950.3759531299999,-0.060000000000002274,1.0,False,False,13,Bardzo dobry
2026-05-16 13:12:54,station_01,21.22,950.4473437,536.509,6,9,9,21.282999999999998,950.38640625,-0.03999999999999915,1.0,False,False,13,Bardzo dobry
2026-05-16 13:13:24,station_01,21.2,950.4184375,536.7621,4,6,7,21.269,950.3940781199999,-0.03999999999999915,0.8571428571428571,False,False,13,Bardzo dobry
2026-05-16 13:13:55,station_01,21.21,950.403125,536.8961,6,8,8,21.258000000000003,950.3993749900001,0.019354838709680442,1.0,False,False,13,Bardzo dobry
2026-05-16 13:14:23,station_01,21.21,950.4174219,536.7711,7,8,9,21.247999999999998,950.4046171799998,0.0,0.8888888888888888,False,False,13,Bardzo dobry
2026-05-16 13:14:52,station_01,21.21,950.4501562,536.4841,6,8,8,21.240000000000002,950.41374217,0.0,1.0,False,False,13,Bardzo dobry
2026-05-16 13:15:23,station_01,21.22,950.413125,536.8087,6,7,7,21.232999999999997,950.4165702999999,0.019354838709673566,1.0,False,False,13,Bardzo dobry
2026-05-16 13:15:53,station_01,21.24,950.4478125,536.5047,6,8,9,21.229,950.42024999,0.03999999999999915,0.8888888888888888,False,False,13,Bardzo dobry
2026-05-16 13:16:23,station_01,21.23,950.4189062,536.7584,5,6,6,21.225,950.42335936,-0.01999999999999602,1.0,False,False,13,Bardzo dobry
2026-05-16 13:16:54,station_01,21.25,950.4489063,536.4947,8,10,10,21.223,950.42960155,0.03870967741935401,1.0,False,False,13,Bardzo dobry
2026-05-16 13:17:24,station_01,21.26,950.4326563,536.6371,7,8,9,21.225,950.4297890599998,0.020000000000003126,0.8888888888888888,False,False,13,Bardzo dobry
2026-05-16 13:17:55,station_01,21.27,950.4395,536.5778,6,7,7,21.229999999999997,950.4290046899999,0.019354838709673566,1.0,False,False,13,Bardzo dobry
2026-05-16 13:18:24,station_01,21.27,950.4607812,536.3909,6,7,7,21.237000000000002,950.43323906,0.0,1.0,False,False,13,Bardzo dobry
2026-05-16 13:18:55,station_01,21.27,950.459,536.4067,4,5,5,21.243,950.43882656,0.0,1.0,False,False,13,Bardzo dobry
2026-05-16 13:19:25,station_01,21.26,950.5073438,535.9826,6,8,8,21.248,950.4478187500001,-0.01999999999999602,1.0,False,False,13,Bardzo dobry
2026-05-16 13:19:55,station_01,21.24,950.5389062,535.7062,5,5,5,21.250999999999998,950.45669375,-0.04000000000000625,1.0,False,False,13,Bardzo dobry
2026-05-16 13:20:23,station_01,21.23,950.5551562,535.5632,7,8,9,21.252000000000002,950.47089687,-0.021428571428567165,0.8888888888888888,False,False,13,Bardzo dobry
2026-05-16 13:20:52,station_01,21.2,950.5553125,535.5621,6,7,8,21.247999999999998,950.4816468700001,-0.06206896551724373,0.875,False,False,13,Bardzo dobry
2026-05-16 13:21:23,station_01,21.16,950.5167187,535.9005,8,10,11,21.241,950.4914281199999,-0.07741935483870802,0.9090909090909091,False,False,13,Bardzo dobry
2026-05-16 13:21:53,station_01,21.15,950.5240625,535.8359,8,9,10,21.231,950.49894374,-0.020000000000003126,0.9,False,False,13,Bardzo dobry
2026-05-16 13:22:23,station_01,21.18,950.5526563,535.4165,7,9,10,21.223000000000003,950.51094374,0.060000000000002274,0.9,False,False,13,Bardzo dobry
2026-05-16 13:22:53,station_01,21.21,950.5934375,535.2275,8,10,10,21.217000000000002,950.52633749,0.060000000000002274,1.0,False,False,13,Bardzo dobry
2026-05-16 13:23:24,station_01,21.22,950.5664,535.4647,6,8,9,21.212,950.53689937,0.019354838709673566,0.8888888888888888,False,False,13,Bardzo dobry
2026-05-16 13:23:54,station_01,21.23,950.5654688,535.4727,7,9,10,21.208000000000002,950.5475462500001,0.020000000000003126,0.9,False,False,13,Bardzo dobry
2026-05-16 13:24:24,station_01,21.23,950.5625781,535.4986,7,8,8,21.205,950.55306968,0.0,1.0,False,False,13,Bardzo dobry
2026-05-16 13:24:54,station_01,21.23,950.5760938,535.3795,6,8,8,21.204,950.55678844,0.0,1.0,False,False,13,Bardzo dobry
2026-05-16 13:25:25,station_01,21.23,950.6116406,535.0681,6,8,8,21.204,950.56243688,0.0,1.0,False,False,13,Bardzo dobry
2026-05-16 13:25:55,station_01,21.23,950.5707812,535.4261,8,10,10,21.207,950.5639837499999,0.0,1.0,False,False,13,Bardzo dobry
2026-05-16 13:26:22,station_01,21.24,950.5748438,535.3911,8,9,9,21.215,950.5697962600001,0.0222222222222178,1.0,False,False,13,Bardzo dobry
2026-05-16 13:26:52,station_01,21.25,950.5332812,535.7554,7,8,8,21.225,950.57071813,0.020000000000003126,1.0,False,False,13,Bardzo dobry
2026-05-16 13:27:23,station_01,21.25,950.5346094,535.7432,8,10,10,21.232,950.56891344,0.0,1.0,False,False,13,Bardzo dobry
2026-05-16 13:27:53,station_01,21.24,950.6010938,535.1608,7,8,8,21.235000000000003,950.56967907,-0.020000000000003126,1.0,False,False,13,Bardzo dobry
2026-05-16 13:28:23,station_01,21.22,950.5989063,535.1799,8,9,9,21.235,950.5729297,-0.03999999999999915,1.0,False,False,13,Bardzo dobry
2026-05-16 13:28:54,station_01,21.22,950.5735937,535.4017,7,9,9,21.234,950.57374219,0.0,1.0,False,False,13,Bardzo dobry
2026-05-16 13:29:24,station_01,21.22,950.5291406,535.7914,8,10,11,21.233,950.57039844,0.0,0.9090909090909091,False,False,13,Bardzo dobry
2026-05-16 13:29:54,station_01,21.22,950.5775,535.3673,7,9,9,21.232,950.57053906,0.0,1.0,False,False,13,Bardzo dobry
2026-05-16 13:30:24,station_01,21.2,950.5709375,535.425,6,9,9,21.229,950.56646875,-0.03999999999999915,1.0,False,False,13,Bardzo dobry
2026-05-16 13:30:54,station_01,21.19,950.589375,535.2169,8,9,11,21.225,950.56832813,-0.01999999999999602,0.8181818181818182,False,False,13,Bardzo dobry
2026-05-16 13:31:25,station_01,21.2,950.6246094,534.9543,7,9,9,21.220999999999997,950.5733046899999,0.019354838709673566,1.0,False,False,13,Bardzo dobry
2026-05-16 13:31:55,station_01,21.18,950.6124219,535.0612,7,9,9,21.214,950.5812187600001,-0.03999999999999915,1.0,False,False,13,Bardzo dobry
2026-05-16 13:32:22,station_01,21.13,950.584,535.3106,7,8,8,21.201999999999998,950.5861578199999,-0.11111111111111269,1.0,False,False,13,Bardzo dobry
2026-05-16 13:32:52,station_01,21.11,950.6300781,534.9066,6,8,9,21.189,950.5890562500001,-0.03999999999999915,0.8888888888888888,False,False,13,Bardzo dobry
2026-05-16 13:33:23,station_01,21.09,950.6055,535.1221,7,8,8,21.176,950.5897156200001,-0.03870967741935401,1.0,False,False,13,Bardzo dobry
2026-05-16 13:33:54,station_01,21.09,950.6125781,535.0602,5,8,8,21.163,950.5936140599999,0.0,1.0,False,False,13,Bardzo dobry
2026-05-16 13:34:23,station_01,21.07,950.5985937,535.1825,6,9,10,21.148,950.6005593699999,-0.041379310344826704,0.9,False,False,13,Bardzo dobry
2026-05-16 13:34:53,station_01,21.05,950.6267969,534.9352,6,7,7,21.131,950.6054890600001,-0.03999999999999915,1.0,False,False,13,Bardzo dobry
2026-05-16 13:35:24,station_01,21.03,950.6153125,535.0358,7,8,8,21.113999999999997,950.60992656,-0.03870967741935401,1.0,False,False,13,Bardzo dobry
2026-05-16 13:35:54,station_01,21.0,950.59125,535.2471,5,7,7,21.095,950.61011406,-0.060000000000002274,1.0,False,False,13,Bardzo dobry
2026-05-16 13:36:24,station_01,20.94,950.5845313,534.9633,6,8,8,21.069000000000003,950.60610625,-0.11999999999999744,1.0,False,False,13,Bardzo dobry
2026-05-16 13:36:55,station_01,20.94,950.6406,534.814,6,7,8,21.045,950.6089240599998,0.0,0.875,False,False,13,Bardzo dobry
2026-05-16 13:37:25,station_01,20.92,950.6245313,534.9553,5,6,6,21.024,950.6129771899999,-0.03999999999999915,1.0,False,False,13,Bardzo dobry
2026-05-16 13:37:55,station_01,20.92,950.6316406,534.8929,5,6,6,21.005000000000003,950.61313344,0.0,1.0,False,False,13,Bardzo dobry
2026-05-16 13:38:22,station_01,20.9,950.6148437,535.04,5,6,7,20.986,950.61406781,-0.04444444444445139,0.8571428571428571,False,False,13,Bardzo dobry
2026-05-16 13:38:52,station_01,20.88,950.6032031,534.9855,6,7,7,20.965,950.6131303100001,-0.03999999999999915,1.0,False,False,13,Bardzo dobry
2026-05-16 13:39:23,station_01,20.88,950.6565625,534.6742,4,6,6,20.946,950.61892719,0.0,1.0,False,False,13,Bardzo dobry
2026-05-16 13:39:53,station_01,20.86,950.6400781,534.8187,6,7,7,20.927,950.62025531,-0.03999999999999915,1.0,False,False,13,Bardzo dobry
2026-05-16 13:40:23,station_01,20.86,950.6247656,534.9532,4,5,5,20.910000000000004,950.62120062,0.0,1.0,False,False,13,Bardzo dobry
2026-05-16 13:40:53,station_01,20.83,950.6142187,535.0459,5,6,7,20.893,950.6234974900001,-0.060000000000002274,0.8571428571428571,False,False,13,Bardzo dobry
2026-05-16 13:41:24,station_01,20.86,950.6229688,534.9686,6,9,9,20.884999999999998,950.62734124,0.05806451612903445,1.0,False,False,13,Bardzo dobry
2026-05-16 13:41:54,station_01,20.88,950.6433594,534.7902,4,6,6,20.878999999999998,950.6276171799998,0.03999999999999915,1.0,False,False,13,Bardzo dobry
2026-05-16 13:42:24,station_01,20.87,950.618125,535.0115,5,6,7,20.874000000000002,950.6269765500001,-0.01999999999999602,0.8571428571428571,False,False,13,Bardzo dobry
2026-05-16 13:42:54,station_01,20.9,950.6016,535.1566,6,7,7,20.871999999999996,950.62397249,0.05999999999999517,1.0,False,False,13,Bardzo dobry
2026-05-16 13:43:24,station_01,20.89,950.6211,534.985,4,5,5,20.871000000000002,950.62459812,-0.01999999999999602,1.0,False,False,13,Bardzo dobry
2026-05-16 13:43:55,station_01,20.85,950.6271875,534.9315,5,8,8,20.868,950.6269965600001,-0.07741935483870802,1.0,False,False,13,Bardzo dobry
2026-05-16 13:44:22,station_01,20.85,950.6235938,534.9633,4,5,6,20.865,950.62369969,0.0,0.8333333333333334,False,False,13,Bardzo dobry
2026-05-16 13:44:52,station_01,20.82,950.6273438,534.9305,5,7,8,20.861,950.6224262600001,-0.060000000000002274,0.875,False,False,13,Bardzo dobry
2026-05-16 13:45:22,station_01,20.84,950.5890625,535.2662,5,7,8,20.859,950.61885595,0.03999999999999915,0.875,False,False,13,Bardzo dobry
2026-05-16 13:45:53,station_01,20.84,950.661875,534.6276,5,6,6,20.860000000000003,950.62362158,0.0,1.0,False,False,13,Bardzo dobry
2026-05-16 13:46:23,station_01,20.85,950.668,534.5741,4,6,6,20.859,950.6281247,0.020000000000003126,1.0,False,False,13,Bardzo dobry
2026-05-16 13:46:53,station_01,20.86,950.6104687,535.0782,5,5,6,20.857,950.62483563,0.01999999999999602,0.8333333333333334,False,False,13,Bardzo dobry
2026-05-16 13:47:24,station_01,20.87,950.6234375,534.9648,4,5,5,20.857,950.62536688,0.019354838709680442,1.0,False,False,13,Bardzo dobry
2026-05-16 13:47:54,station_01,20.87,950.6479688,534.7499,4,5,5,20.854000000000003,950.63000376,0.0,1.0,False,False,13,Bardzo dobry
2026-05-16 13:48:24,station_01,20.85,950.6467187,534.7605,5,6,6,20.85,950.6325656299999,-0.03999999999999915,1.0,False,False,13,Bardzo dobry
2026-05-16 13:48:54,station_01,20.87,950.6457813,534.769,4,5,6,20.852,950.6344250099999,0.03999999999999915,0.8333333333333334,False,False,13,Bardzo dobry
2026-05-16 13:49:24,station_01,20.85,950.6720313,534.5386,5,7,8,20.852,950.63926876,-0.03999999999999915,0.875,False,False,13,Bardzo dobry
2026-05-16 13:49:55,station_01,20.86,950.6610156,534.6356,6,7,7,20.856,950.6426359399999,0.019354838709673566,1.0,False,False,13,Bardzo dobry
2026-05-16 13:50:22,station_01,20.86,950.6979687,534.311,4,4,4,20.857999999999997,950.6535265599999,0.0,1.0,False,False,13,Bardzo dobry
2026-05-16 13:50:53,station_01,20.83,950.6725,534.5349,5,6,6,20.857000000000003,950.65458906,-0.05806451612903445,1.0,False,False,13,Bardzo dobry
2026-05-16 13:51:22,station_01,20.82,950.6944531,534.3422,4,5,5,20.854,950.65723437,-0.020689655172409678,1.0,False,False,13,Bardzo dobry
2026-05-16 13:51:53,station_01,20.82,950.6948438,534.3391,3,5,5,20.85,950.6656718799999,0.0,1.0,False,False,13,Bardzo dobry
2026-05-16 13:52:23,station_01,20.81,950.7168,534.1463,5,6,6,20.844,950.6750081299999,-0.020000000000003126,1.0,False,False,13,Bardzo dobry
2026-05-16 13:52:53,station_01,20.8,950.7317188,534.0156,6,8,8,20.837,950.6833831299998,-0.01999999999999602,1.0,False,False,13,Bardzo dobry
2026-05-16 13:53:24,station_01,20.82,950.7438281,533.9091,5,7,7,20.834,950.69309407,0.03870967741935401,1.0,False,False,13,Bardzo dobry
2026-05-16 13:53:54,station_01,20.82,950.7601563,533.7662,4,5,5,20.829,950.70453157,0.0,1.0,False,False,13,Bardzo dobry
2026-05-16 13:54:24,station_01,20.83,950.8003906,533.4131,4,5,5,20.827,950.7173675,0.01999999999999602,1.0,False,False,13,Bardzo dobry
2026-05-16 13:54:55,station_01,20.83,950.7453125,533.8964,5,6,6,20.823999999999998,950.7257971900001,0.0,1.0,False,False,13,Bardzo dobry
2026-05-16 13:55:24,station_01,20.85,950.7657813,533.7164,3,4,4,20.823,950.7325784500001,0.04137931034483405,1.0,False,False,13,Bardzo dobry
2026-05-16 13:55:55,station_01,20.85,950.795,533.4607,3,4,5,20.825,950.74482845,0.0,0.8,False,False,13,Bardzo dobry
2026-05-16 13:56:22,station_01,20.84,950.7828125,533.5671,4,6,6,20.827,950.75366439,-0.022222222222225696,1.0,False,False,13,Bardzo dobry
2026-05-16 13:56:53,station_01,20.82,950.8064063,533.3607,5,5,5,20.827,950.7648206400002,-0.03870967741935401,1.0,False,False,13,Bardzo dobry
2026-05-16 13:57:23,station_01,20.8,950.785,533.5486,5,6,6,20.826,950.7716406400001,-0.03999999999999915,1.0,False,False,13,Bardzo dobry
2026-05-16 13:57:53,station_01,20.79,950.8135937,533.2977,4,4,4,20.825,950.7798281299999,-0.020000000000003126,1.0,False,False,13,Bardzo dobry
2026-05-16 13:58:23,station_01,20.8,950.8001562,533.4152,4,5,5,20.823,950.7854609399999,0.020000000000003126,1.0,False,False,13,Bardzo dobry
2026-05-16 13:58:53,station_01,20.78,950.8035938,533.3856,5,6,6,20.819,950.78980469,-0.03999999999999915,1.0,False,False,13,Bardzo dobry
2026-05-16 13:59:23,station_01,20.8,950.7948438,533.4618,4,5,7,20.816,950.7892500099999,0.03999999999999915,0.7142857142857143,False,False,13,Bardzo dobry
2026-05-16 13:59:54,station_01,20.81,950.82375,533.2087,3,4,4,20.814,950.7970937599999,0.019354838709673566,1.0,False,False,13,Bardzo dobry
2026-05-16 14:00:24,station_01,20.82,950.8014063,533.4046,4,6,6,20.811,950.80065626,0.020000000000003126,1.0,False,False,14,Bardzo dobry
2026-05-16 14:00:54,station_01,20.82,950.7822656,533.5719,4,6,6,20.808,950.7993828199999,0.0,1.0,False,False,14,Bardzo dobry
2026-05-16 14:01:24,station_01,20.81,950.8234375,533.2114,4,7,7,20.805,950.80344532,-0.020000000000003126,1.0,False,False,14,Bardzo dobry
2026-05-16 14:01:55,station_01,20.8,950.8076563,533.3495,4,5,5,20.803,950.80357032,-0.019354838709673566,1.0,False,False,14,Bardzo dobry
2026-05-16 14:02:23,station_01,20.77,950.8251562,533.1965,5,5,5,20.8,950.80758594,-0.06428571428571672,1.0,False,False,14,Bardzo dobry
2026-05-16 14:02:52,station_01,20.76,950.8020313,533.3993,5,6,6,20.797,950.8064297000001,-0.020689655172409678,1.0,False,False,14,Bardzo dobry
2026-05-16 14:03:23,station_01,20.75,950.7714063,533.6672,5,6,6,20.792,950.8035547100001,-0.019354838709680442,1.0,False,False,14,Bardzo dobry
2026-05-16 14:03:53,station_01,20.77,950.8447656,533.0245,6,7,8,20.791,950.8076718899999,0.03999999999999915,0.875,False,False,14,Bardzo dobry
2026-05-16 14:04:23,station_01,20.75,950.8221875,533.2225,5,6,6,20.786,950.8104062599999,-0.03999999999999915,1.0,False,False,14,Bardzo dobry
2026-05-16 14:04:53,station_01,20.75,950.7973437,533.4401,5,6,6,20.78,950.80776563,0.0,1.0,False,False,14,Bardzo dobry
2026-05-16 14:05:23,station_01,20.76,950.7497656,533.8572,5,6,6,20.774,950.8026015600001,0.020000000000003126,1.0,False,False,14,Bardzo dobry
2026-05-16 14:05:54,station_01,20.78,950.8032813,533.3882,3,5,5,20.770000000000003,950.80470313,0.03870967741935401,1.0,False,False,14,Bardzo dobry
2026-05-16 14:06:28,station_01,20.76,950.7614063,533.6603,4,5,5,20.765,950.79850001,-0.035294117647058074,1.0,False,False,14,Bardzo dobry
2026-05-16 14:06:55,station_01,20.77,950.7835938,533.5608,4,4,4,20.762,950.7960937600001,0.0222222222222178,1.0,False,False,14,Bardzo dobry
2026-05-16 14:07:25,station_01,20.79,950.7102344,534.204,4,6,8,20.764,950.78460158,0.03999999999999915,0.75,False,False,14,Bardzo dobry
2026-05-16 14:07:55,station_01,20.83,950.7648437,533.7249,3,4,4,20.771,950.7808828199999,0.0799999999999983,1.0,False,False,14,Bardzo dobry
2026-05-16 14:08:22,station_01,20.85,950.8048438,533.3745,5,5,5,20.781,950.7842265699999,0.04444444444445139,1.0,False,False,14,Bardzo dobry
2026-05-16 14:08:53,station_01,20.83,950.7798438,533.5936,5,6,6,20.787,950.7777343900001,-0.038709677419360884,1.0,False,False,14,Bardzo dobry
2026-05-16 14:09:23,station_01,20.83,950.7710156,533.6709,4,5,6,20.794999999999998,950.7726172,0.0,0.8333333333333334,False,False,14,Bardzo dobry
2026-05-16 14:09:53,station_01,20.89,950.8382813,533.0817,5,6,6,20.808999999999997,950.7767109600002,0.12000000000000455,1.0,False,False,14,Bardzo dobry
2026-05-16 14:10:23,station_01,20.96,950.8035938,533.3856,5,7,7,20.829,950.78209378,0.14000000000000057,1.0,False,False,14,Bardzo dobry
2026-05-16 14:10:53,station_01,21.05,950.7846875,533.5513,4,6,6,20.856,950.7802343999999,0.17999999999999972,1.0,False,False,14,Bardzo dobry
2026-05-16 14:11:23,station_01,21.12,950.8029687,533.3909,6,7,7,20.892000000000003,950.78439064,0.14000000000000057,1.0,False,False,14,Bardzo dobry
2026-05-16 14:11:54,station_01,21.2,950.8017187,533.402,5,6,6,20.935,950.7862031299999,0.15483870967741603,1.0,False,False,14,Bardzo dobry
2026-05-16 14:12:24,station_01,21.23,950.8510156,532.9694,5,7,7,20.979000000000003,950.8002812499999,0.060000000000002274,1.0,False,False,14,Bardzo dobry
2026-05-16 14:12:54,station_01,21.25,950.8190625,533.2495,5,6,6,21.020999999999997,950.8057031300001,0.03999999999999915,1.0,False,False,14,Bardzo dobry
2026-05-16 14:13:24,station_01,21.27,950.856875,532.9181,5,7,7,21.063,950.81090625,0.03999999999999915,1.0,False,False,14,Bardzo dobry
2026-05-16 14:13:55,station_01,21.29,950.8360938,533.1595,5,8,8,21.109,950.8165312499999,0.03870967741935401,1.0,False,False,14,Bardzo dobry
2026-05-16 14:14:22,station_01,21.32,950.8142969,533.2919,6,8,8,21.158,950.82085938,0.06666666666666919,1.0,False,False,14,Bardzo dobry
2026-05-16 14:14:52,station_01,21.34,950.8310938,533.1442,5,6,6,21.202999999999996,950.8201406299999,0.03999999999999915,1.0,False,False,14,Bardzo dobry
2026-05-16 14:15:22,station_01,21.36,950.8390625,533.0748,7,9,9,21.243000000000002,950.8236875,0.03999999999999915,1.0,False,False,14,Bardzo dobry
2026-05-16 14:15:53,station_01,21.38,950.835625,533.1044,5,7,7,21.276,950.82878125,0.03870967741935401,1.0,False,False,14,Bardzo dobry
2026-05-16 14:16:23,station_01,21.4,950.8876562,532.6486,5,7,7,21.304,950.8372500000002,0.03999999999999915,1.0,False,False,14,Bardzo dobry
2026-05-16 14:16:54,station_01,21.4,950.8378125,533.0854,6,9,10,21.324,950.8408593800001,0.0,0.9,False,False,14,Bardzo dobry
2026-05-16 14:17:23,station_01,21.39,950.8630469,532.8641,5,6,8,21.339999999999996,950.8420625100001,-0.020689655172409678,0.75,False,False,14,Bardzo dobry
2026-05-16 14:17:54,station_01,21.39,950.9010937,532.5306,5,7,7,21.354,950.85026563,0.0,1.0,False,False,14,Bardzo dobry
2026-05-16 14:18:24,station_01,21.4,950.89125,532.6174,6,8,8,21.366999999999997,950.85370313,0.01999999999999602,1.0,False,False,14,Bardzo dobry
2026-05-16 14:18:54,station_01,21.4,950.9060937,532.4872,6,7,7,21.378,950.8607031200002,0.0,1.0,False,False,14,Bardzo dobry
2026-05-16 14:19:24,station_01,21.42,950.9190625,532.3734,6,7,7,21.387999999999998,950.8711796800001,0.04000000000000625,1.0,False,False,14,Bardzo dobry
2026-05-16 14:19:51,station_01,21.4,950.9079688,532.4708,6,8,8,21.394,950.87886718,-0.04444444444445139,1.0,False,False,14,Bardzo dobry
2026-05-16 14:20:23,station_01,21.39,950.9349219,532.2342,6,7,7,21.397,950.8884531199999,-0.01874999999999627,1.0,False,False,14,Bardzo dobry
2026-05-16 14:20:52,station_01,21.37,950.975,531.8832,6,6,6,21.396,950.90239062,-0.041379310344826704,1.0,False,False,14,Bardzo dobry
2026-05-16 14:21:22,station_01,21.35,950.9532031,532.0743,6,7,7,21.391,950.9089453099999,-0.03999999999999915,1.0,False,False,14,Bardzo dobry
2026-05-16 14:21:53,station_01,21.34,950.9688,531.9377,4,6,6,21.384999999999998,950.92204406,-0.019354838709680442,1.0,False,False,14,Bardzo dobry
2026-05-16 14:22:23,station_01,21.33,950.9509375,532.0939,5,7,7,21.378999999999998,950.93083312,-0.020000000000003126,1.0,False,False,14,Bardzo dobry
2026-05-16 14:22:53,station_01,21.35,950.958125,532.0309,6,10,10,21.375,950.9365362499999,0.04000000000000625,1.0,False,False,14,Bardzo dobry
2026-05-16 14:23:23,station_01,21.35,950.9674219,531.9494,5,6,6,21.37,950.94415344,0.0,1.0,False,False,14,Bardzo dobry
2026-05-16 14:23:55,station_01,21.36,950.9848437,531.7964,5,6,6,21.366,950.9520284400002,0.01874999999999627,1.0,False,False,14,Bardzo dobry
2026-05-16 14:24:24,station_01,21.37,950.9803125,531.8366,4,6,6,21.360999999999997,950.95815344,0.020689655172417026,1.0,False,False,14,Bardzo dobry
2026-05-16 14:24:54,station_01,21.37,950.9732031,531.8986,6,9,9,21.358,950.9646768700001,0.0,1.0,False,False,14,Bardzo dobry
2026-05-16 14:25:24,station_01,21.37,950.998125,531.6805,6,8,8,21.356,950.97099718,0.0,1.0,False,False,14,Bardzo dobry
2026-05-16 14:25:55,station_01,21.36,950.9990625,531.672,7,9,10,21.355,950.97340343,-0.019354838709680442,0.9,False,False,14,Bardzo dobry
2026-05-16 14:26:22,station_01,21.36,951.0378906,531.3317,6,7,8,21.356,950.98187218,0.0,0.875,False,False,14,Bardzo dobry
2026-05-16 14:26:52,station_01,21.35,951.0403125,531.311,6,8,8,21.357,950.9890234299999,-0.01999999999999602,1.0,False,False,14,Bardzo dobry
2026-05-16 14:27:22,station_01,21.36,950.9965625,531.6937,5,9,9,21.360000000000003,950.99358593,0.01999999999999602,1.0,False,False,14,Bardzo dobry
2026-05-16 14:27:53,station_01,21.37,950.9839063,531.8049,5,7,7,21.362000000000002,950.9961640600001,0.019354838709680442,1.0,False,False,14,Bardzo dobry
2026-05-16 14:28:23,station_01,21.4,951.0477344,531.2454,6,9,9,21.366999999999997,951.0041953099999,0.05999999999999517,1.0,False,False,14,Bardzo dobry
2026-05-16 14:28:53,station_01,21.4,951.0164844,531.5196,5,6,6,21.371000000000002,951.00735938,0.0,1.0,False,False,14,Bardzo dobry
2026-05-16 14:29:23,station_01,21.43,950.9945313,531.7122,6,7,7,21.377000000000002,951.0087812599999,0.060000000000002274,1.0,False,False,14,Bardzo dobry
2026-05-16 14:29:54,station_01,21.42,950.9707,531.9208,7,8,8,21.381999999999998,951.0085309499998,-0.019354838709673566,1.0,False,False,14,Bardzo dobry
2026-05-16 14:30:24,station_01,21.42,950.9903125,531.7488,5,7,7,21.387,951.0077496999999,0.0,1.0,False,False,14,Bardzo dobry
2026-05-16 14:30:54,station_01,21.41,950.97875,531.8499,5,7,7,21.392,951.0057184499999,-0.020000000000003126,1.0,False,False,14,Bardzo dobry
2026-05-16 14:31:24,station_01,21.4,950.9915625,531.7377,4,5,5,21.396,951.00108564,-0.020000000000003126,1.0,False,False,14,Bardzo dobry
2026-05-16 14:31:55,station_01,21.41,950.9767188,531.8679,7,9,9,21.402,950.99472627,0.019354838709680442,1.0,False,False,14,Bardzo dobry
2026-05-16 14:32:22,station_01,21.42,951.0045313,531.6244,5,6,6,21.407999999999998,950.99552315,0.022222222222225696,1.0,False,False,14,Bardzo dobry
2026-05-16 14:32:52,station_01,21.43,950.995625,531.7022,6,7,7,21.413999999999998,950.99669502,0.01999999999999602,1.0,False,False,14,Bardzo dobry
2026-05-16 14:33:23,station_01,21.43,950.9896094,531.6927,6,8,10,21.417,950.99088252,0.0,0.8,False,False,14,Bardzo dobry
2026-05-16 14:33:53,station_01,21.44,950.9622656,531.9944,3,5,5,21.421,950.98546064,0.020000000000003126,1.0,False,False,14,Bardzo dobry
2026-05-16 14:34:24,station_01,21.44,950.9640625,531.979,6,8,8,21.422,950.9824137600001,0.0,1.0,False,False,14,Bardzo dobry
2026-05-16 14:34:53,station_01,21.44,950.976875,531.8668,6,8,8,21.424,950.9830312600001,0.0,1.0,False,False,14,Bardzo dobry
2026-05-16 14:35:23,station_01,21.49,950.9846875,531.798,6,8,8,21.431,950.9824687600001,0.09999999999999432,1.0,False,False,14,Bardzo dobry
2026-05-16 14:35:54,station_01,21.54,951.0002344,531.662,5,7,7,21.444,950.9846172,0.09677419354838847,1.0,False,False,14,Bardzo dobry
2026-05-16 14:36:24,station_01,21.59,951.0060937,531.6106,4,5,5,21.463,950.9860703199998,0.10000000000000142,1.0,False,False,14,Bardzo dobry
2026-05-16 14:36:54,station_01,21.62,950.9917188,531.7366,4,5,5,21.484,950.9875703199999,0.060000000000002274,1.0,False,False,14,Bardzo dobry
2026-05-16 14:37:24,station_01,21.64,951.0484375,531.2391,3,4,4,21.506,950.99196094,0.03999999999999915,1.0,False,False,14,Bardzo dobry
2026-05-16 14:37:55,station_01,21.65,951.0125,531.554,5,7,8,21.528,950.9936484399999,0.019354838709673566,0.875,False,False,14,Bardzo dobry
2026-05-16 14:38:22,station_01,21.66,951.0235938,531.4566,5,7,7,21.551,950.99704688,0.022222222222225696,1.0,False,False,14,Bardzo dobry
2026-05-16 14:38:52,station_01,21.66,951.0079688,531.4846,5,6,7,21.573,951.0016171999999,0.0,0.8571428571428571,False,False,14,Bardzo dobry
2026-05-16 14:39:23,station_01,21.66,951.055625,531.1766,6,8,8,21.595,951.01077345,0.0,1.0,False,False,14,Bardzo dobry
2026-05-16 14:39:53,station_01,21.66,951.0403906,531.31,5,6,7,21.617,951.01712501,0.0,0.8571428571428571,False,False,14,Bardzo dobry
2026-05-16 14:40:23,station_01,21.67,951.0728125,531.094,5,7,7,21.634999999999998,951.0259375099998,0.020000000000003126,1.0,False,False,14,Bardzo dobry
2026-05-16 14:40:53,station_01,21.68,951.0501562,531.2242,5,6,6,21.649,951.0309296900001,0.01999999999999602,1.0,False,False,14,Bardzo dobry
2026-05-16 14:41:23,station_01,21.68,951.100625,530.7817,4,5,5,21.658,951.04038282,0.0,1.0,False,False,14,Bardzo dobry
2026-05-16 14:41:54,station_01,21.68,951.0989063,530.7971,4,6,6,21.663999999999998,951.05110157,0.0,1.0,False,False,14,Bardzo dobry
2026-05-16 14:42:24,station_01,21.68,951.123,530.5854,5,6,6,21.668,951.05855782,0.0,1.0,False,False,14,Bardzo dobry
2026-05-16 14:42:55,station_01,21.68,951.1166406,530.6854,5,7,8,21.671,951.06897188,0.0,0.875,False,False,14,Bardzo dobry
2026-05-16 14:43:24,station_01,21.6,951.1645312,530.2218,5,7,7,21.665,951.08306562,-0.16551724137930682,1.0,False,False,14,Bardzo dobry
2026-05-16 14:43:55,station_01,21.51,951.2003125,529.9085,3,5,6,21.65,951.1022999899999,-0.17419354838709647,0.8333333333333334,False,False,14,Bardzo dobry
2026-05-16 14:44:22,station_01,21.39,951.1479688,530.3674,5,7,7,21.622999999999998,951.11153437,-0.2666666666666689,1.0,False,False,14,Bardzo dobry
2026-05-16 14:44:52,station_01,21.3,951.1615625,530.2483,4,7,7,21.587,951.1236515600001,-0.17999999999999972,1.0,False,False,14,Bardzo dobry
2026-05-16 14:45:23,station_01,21.22,951.2065625,529.854,6,7,7,21.542,951.1370265600001,-0.15483870967742291,1.0,False,False,14,Bardzo dobry
2026-05-16 14:45:53,station_01,21.12,951.1950781,529.9545,5,6,7,21.486,951.1515187499999,-0.19999999999999574,0.8571428571428571,False,False,14,Bardzo dobry
2026-05-16 14:46:24,station_01,21.04,951.2204688,529.7318,4,5,5,21.422,951.16350313,-0.15483870967742291,1.0,False,False,14,Bardzo dobry
2026-05-16 14:46:53,station_01,21.0,951.2319531,529.6312,5,5,5,21.354000000000003,951.1768078100001,-0.08275862068965341,1.0,False,False,14,Bardzo dobry
2026-05-16 14:47:24,station_01,21.0,951.2514062,529.4608,3,3,3,21.286,951.1896484299999,0.0,1.0,False,False,14,Bardzo dobry
2026-05-16 14:47:54,station_01,20.99,951.2054688,529.8635,4,6,6,21.217,951.1985312500001,-0.020000000000003126,1.0,False,False,14,Bardzo dobry
2026-05-16 14:48:24,station_01,21.05,951.2592187,529.3925,4,5,5,21.162,951.208,0.12000000000000455,1.0,False,False,14,Bardzo dobry
2026-05-16 14:48:54,station_01,21.11,951.2415625,529.5471,4,6,6,21.122000000000003,951.212125,0.11999999999999744,1.0,False,False,14,Bardzo dobry
2026-05-16 14:49:25,station_01,21.11,951.2245313,529.6963,4,4,4,21.094,951.2197812500001,0.0,1.0,False,False,14,Bardzo dobry
2026-05-16 14:49:55,station_01,21.11,951.2178125,529.755,3,4,4,21.075,951.22540625,0.0,1.0,False,False,14,Bardzo dobry
2026-05-16 14:50:22,station_01,21.11,951.1907812,529.9916,4,5,5,21.064,951.22382812,0.0,1.0,False,False,14,Bardzo dobry
2026-05-16 14:50:52,station_01,21.09,951.20375,529.7498,5,6,6,21.061,951.22469531,-0.03999999999999915,1.0,False,False,14,Bardzo dobry
2026-05-16 14:51:23,station_01,21.09,951.2105469,529.8185,4,6,6,21.066,951.22370312,0.0,1.0,False,False,14,Bardzo dobry
2026-05-16 14:51:53,station_01,21.04,951.151875,530.3329,5,6,6,21.07,951.2156953099999,-0.10000000000000142,1.0,False,False,14,Bardzo dobry
2026-05-16 14:52:23,station_01,21.02,951.176875,530.1138,5,6,6,21.072,951.2082421900001,-0.03999999999999915,1.0,False,False,14,Bardzo dobry
2026-05-16 14:52:54,station_01,21.01,951.1846875,530.045,6,7,7,21.074,951.2061640599999,-0.019354838709673566,1.0,False,False,14,Bardzo dobry
2026-05-16 14:53:24,station_01,20.98,951.1603125,530.2589,5,5,5,21.067,951.19627344,-0.060000000000002274,1.0,False,False,14,Bardzo dobry
2026-05-16 14:53:54,station_01,20.98,951.1332812,530.4954,3,5,6,21.054000000000002,951.1854453100001,0.0,0.8333333333333334,False,False,14,Bardzo dobry
2026-05-16 14:54:24,station_01,20.98,951.1314063,530.5123,4,5,6,21.041,951.1761328100001,0.0,0.8333333333333334,False,False,14,Bardzo dobry
2026-05-16 14:54:54,station_01,20.98,951.1495312,530.3536,4,5,5,21.028000000000002,951.1693046799999,0.0,1.0,False,False,14,Bardzo dobry
2026-05-16 14:55:24,station_01,21.0,951.1707031,530.1678,5,5,5,21.017000000000003,951.1672968700001,0.03999999999999915,1.0,False,False,14,Bardzo dobry
2026-05-16 14:55:55,station_01,20.98,951.1367969,530.4653,4,5,5,21.006,951.16060156,-0.03870967741935401,1.0,False,False,14,Bardzo dobry
2026-05-16 14:56:22,station_01,20.99,951.1233594,530.5828,6,7,7,20.996,951.1518828100001,0.0222222222222178,1.0,False,False,14,Bardzo dobry
2026-05-16 14:56:53,station_01,20.99,951.1820313,530.0688,4,6,6,20.991,951.15489844,0.0,1.0,False,False,14,Bardzo dobry
2026-05-16 14:57:23,station_01,20.97,951.1670313,530.2001,4,6,6,20.985999999999997,951.1539140699999,-0.03999999999999915,1.0,False,False,14,Bardzo dobry
2026-05-16 14:57:53,station_01,20.96,951.1192187,530.6193,4,6,6,20.981,951.14736719,-0.01999999999999602,1.0,False,False,14,Bardzo dobry
2026-05-16 14:58:23,station_01,20.93,951.1624219,530.2403,4,5,5,20.976000000000003,951.1475781299999,-0.060000000000002274,1.0,False,False,14,Bardzo dobry
2026-05-16 14:58:53,station_01,20.94,951.1870313,530.0249,5,5,7,20.972,951.1529531399999,0.020000000000003126,0.7142857142857143,False,False,14,Bardzo dobry
2026-05-16 14:59:23,station_01,20.93,951.16375,530.2287,4,5,5,20.967000000000002,951.1561875099999,-0.020000000000003126,1.0,False,False,14,Bardzo dobry
2026-05-16 14:59:54,station_01,20.92,951.1548438,530.307,4,6,6,20.961,951.15671877,-0.019354838709673566,1.0,False,False,14,Bardzo dobry
2026-05-16 15:00:24,station_01,20.92,951.1751562,530.1287,5,6,6,20.953000000000003,951.1571640799999,0.0,1.0,False,False,15,Bardzo dobry
2026-05-16 15:00:54,station_01,20.91,951.1895312,530.0032,4,4,5,20.946,951.16243751,-0.020000000000003126,0.8,False,False,15,Bardzo dobry
2026-05-16 15:01:24,station_01,20.91,951.1874219,530.0212,4,6,6,20.938000000000002,951.16884376,0.0,1.0,False,False,15,Bardzo dobry
2026-05-16 15:01:55,station_01,20.93,951.1935937,529.9672,5,7,7,20.932,951.1700000000001,0.03870967741935401,1.0,False,False,15,Bardzo dobry
2026-05-16 15:02:22,station_01,20.93,951.2121875,529.8047,4,5,5,20.928,951.1745156200001,0.0,1.0,False,False,15,Bardzo dobry
2026-05-16 15:02:52,station_01,20.91,951.2198437,529.737,4,5,5,20.923,951.1845781200002,-0.03999999999999915,1.0,False,False,15,Bardzo dobry
2026-05-16 15:03:23,station_01,20.92,951.230625,529.6428,3,4,4,20.922,951.1913984300002,0.019354838709680442,1.0,False,False,15,Bardzo dobry
2026-05-16 15:03:53,station_01,20.92,951.2476562,529.4936,4,5,5,20.919999999999998,951.19746092,0.0,1.0,False,False,15,Bardzo dobry
2026-05-16 15:04:23,station_01,20.91,951.2045312,529.8715,4,5,5,20.918,951.20153904,-0.020000000000003126,1.0,False,False,15,Bardzo dobry
2026-05-16 15:04:53,station_01,20.93,951.2707813,529.2914,4,6,6,20.919,951.21313279,0.03999999999999915,1.0,False,False,15,Bardzo dobry
2026-05-16 15:05:23,station_01,20.93,951.2797656,529.212,4,5,5,20.919999999999998,951.22359373,0.0,1.0,False,False,15,Bardzo dobry
2026-05-16 15:05:54,station_01,20.94,951.26625,529.3306,3,4,4,20.923,951.2312656099999,0.019354838709680442,1.0,False,False,15,Bardzo dobry
2026-05-16 15:06:24,station_01,20.95,951.2521875,529.4539,4,5,7,20.927,951.2377421699999,0.01999999999999602,0.7142857142857143,False,False,15,Bardzo dobry
2026-05-16 15:06:55,station_01,20.97,951.2715,529.2845,4,5,5,20.931,951.2455328,0.03870967741935401,1.0,False,False,15,Bardzo dobry
2026-05-16 15:07:24,station_01,20.98,951.2857031,529.1602,4,5,5,20.936,951.2528843599999,0.020689655172417026,1.0,False,False,15,Bardzo dobry
2026-05-16 15:07:55,station_01,20.99,951.2716406,529.283,3,3,3,20.944,951.2580640499998,0.019354838709673566,1.0,False,False,15,Bardzo dobry
2026-05-16 15:08:22,station_01,21.02,951.28,529.21,4,5,5,20.954,951.2630015499999,0.06666666666666919,1.0,False,False,15,Bardzo dobry
2026-05-16 15:08:52,station_01,21.01,951.2913281,529.111,3,4,4,20.963,951.2673687399999,-0.01999999999999602,1.0,False,False,15,Bardzo dobry
2026-05-16 15:09:23,station_01,21.01,951.2945312,529.0824,3,4,5,20.973,951.27636874,0.0,0.8,False,False,15,Bardzo dobry
2026-05-16 15:09:53,station_01,20.99,951.281875,529.1941,3,4,4,20.979000000000003,951.27747811,-0.04000000000000625,1.0,False,False,15,Bardzo dobry
2026-05-16 15:10:23,station_01,21.0,951.3008,529.0279,3,4,4,20.986,951.2795815500001,0.020000000000003126,1.0,False,False,15,Bardzo dobry
2026-05-16 15:10:53,station_01,20.99,951.2965625,529.0649,4,5,5,20.991,951.2826128,-0.020000000000003126,1.0,False,False,15,Bardzo dobry
2026-05-16 15:11:23,station_01,20.98,951.3042969,528.9972,3,4,4,20.994,951.28782374,-0.01999999999999602,1.0,False,False,15,Bardzo dobry
2026-05-16 15:11:54,station_01,21.0,951.2901562,529.121,2,4,4,20.997000000000003,951.28968936,0.03870967741935401,1.0,False,False,15,Bardzo dobry
2026-05-16 15:12:24,station_01,21.01,951.3329687,528.7464,4,5,5,21.0,951.29441592,0.020000000000003126,1.0,False,False,15,Bardzo dobry
2026-05-16 15:12:54,station_01,21.0,951.3203,528.857,4,6,6,21.000999999999998,951.2992818600002,-0.020000000000003126,1.0,False,False,15,Bardzo dobry
2026-05-16 15:13:24,station_01,20.97,951.3220313,528.8422,3,4,5,20.996000000000002,951.3034849900001,-0.060000000000002274,0.8,False,False,15,Bardzo dobry
2026-05-16 15:13:55,station_01,20.97,951.32875,528.7829,4,5,5,20.991999999999997,951.3072271799999,0.0,1.0,False,False,15,Bardzo dobry
2026-05-16 15:14:22,station_01,20.97,951.3163281,528.8919,4,5,5,20.988,951.30940687,0.0,1.0,False,False,15,Bardzo dobry
2026-05-16 15:14:52,station_01,20.98,951.3461719,528.6299,3,4,4,20.987,951.31583656,0.020000000000003126,1.0,False,False,15,Bardzo dobry
2026-05-16 15:15:23,station_01,20.96,951.319375,528.8649,2,3,3,20.983,951.3176940599999,-0.03870967741935401,1.0,False,False,15,Bardzo dobry
2026-05-16 15:15:53,station_01,20.96,951.31375,528.9147,1,2,2,20.98,951.31941281,0.0,1.0,False,False,15,Bardzo dobry
2026-05-16 15:16:23,station_01,20.95,951.3303906,528.7686,2,3,3,20.976999999999997,951.32202218,-0.020000000000003126,1.0,False,False,15,Bardzo dobry
2026-05-16 15:16:53,station_01,20.96,951.3023437,529.0142,3,4,4,20.973,951.3232409299999,0.020000000000003126,1.0,False,False,15,Bardzo dobry
2026-05-16 15:17:24,station_01,20.95,951.3285937,528.7839,2,3,3,20.967,951.32280343,-0.019354838709680442,1.0,False,False,15,Bardzo dobry
2026-05-16 15:17:54,station_01,20.98,951.3564062,528.5411,3,5,5,20.965,951.3264140499999,0.060000000000002274,1.0,False,False,15,Bardzo dobry
2026-05-16 15:18:24,station_01,20.98,951.3390625,528.6929,4,5,5,20.966,951.3281171699998,0.0,1.0,False,False,15,Bardzo dobry
2026-05-16 15:18:54,station_01,20.98,951.3639063,528.4749,3,4,4,20.967,951.3316328000001,0.0,1.0,False,False,15,Bardzo dobry
2026-05-16 15:19:24,station_01,20.98,951.3390625,528.6929,3,4,4,20.968,951.33390624,0.0,1.0,False,False,15,Bardzo dobry
2026-05-16 15:19:55,station_01,20.98,951.3504688,528.593,3,4,4,20.968,951.3343359300001,0.0,1.0,False,False,15,Bardzo dobry
2026-05-16 15:20:22,station_01,20.98,951.3522656,528.5765,3,4,4,20.97,951.33762499,0.0,1.0,False,False,15,Bardzo dobry
2026-05-16 15:20:52,station_01,20.98,951.380625,528.3284,3,4,4,20.972,951.3443124900001,0.0,1.0,False,False,15,Bardzo dobry
2026-05-16 15:21:23,station_01,20.98,951.3358594,528.7205,2,3,3,20.975,951.3448593699999,0.0,1.0,False,False,15,Bardzo dobry
2026-05-16 15:21:53,station_01,20.97,951.3482813,528.612,1,2,2,20.976,951.34945313,-0.020000000000003126,1.0,False,False,15,Bardzo dobry
2026-05-16 15:22:23,station_01,20.97,951.3479687,528.6146,4,5,5,20.978,951.3513906300001,0.0,1.0,False,False,15,Bardzo dobry
2026-05-16 15:22:53,station_01,20.98,951.3386719,528.6961,4,6,6,20.978,951.3496171999999,0.020000000000003126,1.0,False,False,15,Bardzo dobry
2026-05-16 15:23:24,station_01,20.99,951.3441406,528.6485,4,6,8,20.979,951.35012501,0.019354838709673566,0.75,False,False,15,Bardzo dobry
2026-05-16 15:23:54,station_01,20.99,951.3420312,528.6665,3,5,5,20.98,951.3479375,0.0,1.0,False,False,15,Bardzo dobry
2026-05-16 15:24:24,station_01,21.0,951.36625,528.4543,4,4,4,20.982,951.35065625,0.020000000000003126,1.0,False,False,15,Bardzo dobry
2026-05-16 15:24:54,station_01,21.0,951.3647656,528.4675,4,5,5,20.984,951.3520859299999,0.0,1.0,False,False,15,Bardzo dobry
2026-05-16 15:25:25,station_01,21.02,951.3333594,528.7427,4,4,5,20.988,951.35019531,0.03870967741935401,0.8,False,False,15,Bardzo dobry
2026-05-16 15:25:55,station_01,21.01,951.3460156,528.6315,3,4,4,20.991,951.3467343699998,-0.01999999999999602,1.0,False,False,15,Bardzo dobry
2026-05-16 15:26:22,station_01,20.98,951.3753906,528.3744,4,5,5,20.991,951.35068749,-0.06666666666666919,1.0,False,False,15,Bardzo dobry
2026-05-16 15:26:52,station_01,20.98,951.3546875,528.5559,3,5,5,20.992,951.35132811,0.0,1.0,False,False,15,Bardzo dobry
2026-05-16 15:27:23,station_01,20.99,951.3775781,528.3553,4,5,5,20.994,951.35428905,0.019354838709673566,1.0,False,False,15,Bardzo dobry
2026-05-16 15:27:53,station_01,21.0,951.3594531,528.5141,3,4,4,20.996,951.35636717,0.020000000000003126,1.0,False,False,15,Bardzo dobry
2026-05-16 15:28:23,station_01,20.99,951.3711,528.412,4,5,5,20.996000000000002,951.35906311,-0.020000000000003126,1.0,False,False,15,Bardzo dobry
2026-05-16 15:28:53,station_01,21.0,951.3732812,528.3929,3,4,5,20.997,951.36218811,0.020000000000003126,0.8,False,False,15,Bardzo dobry
2026-05-16 15:29:24,station_01,21.01,951.3567188,528.5385,3,4,4,20.997999999999998,951.3612349900001,0.019354838709680442,1.0,False,False,15,Bardzo dobry
2026-05-16 15:29:54,station_01,21.01,951.38375,528.3014,3,4,4,20.999000000000002,951.3631334300001,0.0,1.0,False,False,15,Bardzo dobry
2026-05-16 15:30:24,station_01,21.01,951.3727344,528.3977,4,5,5,20.998,951.3670709300001,0.0,1.0,False,False,15,Bardzo dobry
2026-05-16 15:30:54,station_01,20.98,951.3557812,528.5464,3,5,5,20.994999999999997,951.36804749,-0.060000000000002274,1.0,False,False,15,Bardzo dobry
2026-05-16 15:31:24,station_01,20.99,951.3729688,528.3956,4,5,5,20.996000000000002,951.36780531,0.01999999999999602,1.0,False,False,15,Bardzo dobry
2026-05-16 15:31:55,station_01,20.99,951.4084375,528.085,5,5,6,20.997,951.37318031,0.0,0.8333333333333334,False,False,15,Bardzo dobry
2026-05-16 15:32:25,station_01,20.99,951.3882031,528.2622,3,4,4,20.997,951.3742428099998,0.0,1.0,False,False,15,Bardzo dobry
2026-05-16 15:32:55,station_01,20.98,951.3990625,528.167,3,4,4,20.995,951.3782037499999,-0.01999999999999602,1.0,False,False,15,Bardzo dobry
2026-05-16 15:33:25,station_01,20.95,951.4103906,528.0675,3,4,4,20.991,951.38213281,-0.060000000000002274,1.0,False,False,15,Bardzo dobry
2026-05-16 15:33:55,station_01,20.96,951.4239062,527.9495,4,4,4,20.987000000000002,951.38719531,0.020000000000003126,1.0,False,False,15,Bardzo dobry
2026-05-16 15:34:25,station_01,21.0,951.4429687,527.7823,3,4,4,20.986,951.3958203,0.0799999999999983,1.0,False,False,15,Bardzo dobry
2026-05-16 15:34:55,station_01,21.01,951.448125,527.7373,3,5,5,20.985999999999997,951.4022578,0.020000000000003126,1.0,False,False,15,Bardzo dobry
2026-05-16 15:35:25,station_01,21.01,951.4836719,527.4262,4,5,5,20.986,951.41335155,0.0,1.0,False,False,15,Bardzo dobry
2026-05-16 15:35:55,station_01,21.01,951.4698437,527.5469,4,5,5,20.989,951.4247578000001,0.0,1.0,False,False,15,Bardzo dobry
2026-05-16 15:36:25,station_01,21.01,951.5028125,527.2579,4,5,5,20.991,951.4377421700001,0.0,1.0,False,False,15,Bardzo dobry
2026-05-16 15:36:55,station_01,21.03,951.5371875,526.9569,4,5,5,20.994999999999997,951.4506171699999,0.03999999999999915,1.0,False,False,15,Bardzo dobry
2026-05-16 15:37:25,station_01,21.01,951.5117,527.1802,4,4,5,20.997000000000003,951.46296686,-0.03999999999999915,0.8,False,False,15,Bardzo dobry
2026-05-16 15:37:55,station_01,21.01,951.5170312,527.1336,2,3,3,21.0,951.47476373,0.0,1.0,False,False,15,Bardzo dobry
2026-05-16 15:38:25,station_01,20.98,951.5246875,527.0664,4,5,5,21.003,951.4861934200001,-0.060000000000002274,1.0,False,False,15,Bardzo dobry
2026-05-16 15:38:55,station_01,20.98,951.5438281,526.8987,2,3,3,21.005000000000003,951.4981856100001,0.0,1.0,False,False,15,Bardzo dobry
2026-05-16 15:39:25,station_01,20.97,951.5885937,526.5062,4,5,5,21.002000000000002,951.5127481099998,-0.020000000000003126,1.0,False,False,15,Bardzo dobry
2026-05-16 15:39:55,station_01,20.98,951.5448438,526.8897,4,5,5,20.999000000000002,951.52241999,0.020000000000003126,1.0,False,False,15,Bardzo dobry
2026-05-16 15:40:25,station_01,20.99,951.568125,526.686,4,5,5,20.997000000000003,951.5308653,0.01999999999999602,1.0,False,False,15,Bardzo dobry
2026-05-16 15:40:55,station_01,20.99,951.57875,526.5929,3,5,5,20.994999999999997,951.54175593,0.0,1.0,False,False,15,Bardzo dobry
2026-05-16 15:41:25,station_01,20.97,951.574375,526.631,4,4,4,20.991,951.5489121799999,-0.03999999999999915,1.0,False,False,15,Bardzo dobry
2026-05-16 15:41:55,station_01,20.97,951.6540625,525.9332,3,4,4,20.985,951.5605996799999,0.0,1.0,False,False,15,Bardzo dobry
2026-05-16 15:42:25,station_01,20.97,951.5957812,526.4437,4,4,4,20.980999999999998,951.5690078,0.0,1.0,False,False,15,Bardzo dobry
2026-05-16 15:42:55,station_01,20.98,951.5803906,526.5786,5,6,7,20.978,951.5753437399999,0.020000000000003126,0.8571428571428571,False,False,15,Bardzo dobry
2026-05-16 15:43:25,station_01,20.96,951.6066406,526.3485,4,6,6,20.976,951.58353905,-0.03999999999999915,1.0,False,False,15,Bardzo dobry
2026-05-16 15:43:55,station_01,20.94,951.6195313,526.2358,4,6,6,20.972,951.5911093699999,-0.03999999999999915,1.0,False,False,15,Bardzo dobry
2026-05-16 15:44:25,station_01,20.93,951.6014062,526.3945,4,6,6,20.967999999999996,951.5923906200002,-0.020000000000003126,1.0,False,False,15,Bardzo dobry
2026-05-16 15:44:55,station_01,20.93,951.5996,526.4099,4,5,5,20.963,951.59786624,0.0,1.0,False,False,15,Bardzo dobry
2026-05-16 15:45:25,station_01,20.9,951.6010938,526.3972,4,5,6,20.954,951.6011631200001,-0.060000000000002274,0.8333333333333334,False,False,15,Bardzo dobry
2026-05-16 15:45:55,station_01,20.89,951.5953125,526.4474,4,4,4,20.944,951.60281937,-0.01999999999999602,1.0,False,False,15,Bardzo dobry
2026-05-16 15:46:25,station_01,20.9,951.6128125,526.2946,6,7,8,20.937,951.6066631199999,0.01999999999999602,0.875,False,False,15,Bardzo dobry
2026-05-16 15:46:55,station_01,20.88,951.653125,525.9412,4,6,6,20.928,951.60656937,-0.03999999999999915,1.0,False,False,15,Bardzo dobry
2026-05-16 15:47:25,station_01,20.88,951.6304687,526.1395,5,7,7,20.919,951.61003812,0.0,1.0,False,False,15,Bardzo dobry
2026-05-16 15:47:55,station_01,20.83,951.5920312,526.4765,4,5,5,20.904,951.61120218,-0.10000000000000142,1.0,False,False,15,Bardzo dobry
2026-05-16 15:48:25,station_01,20.82,951.6309375,526.1358,3,5,5,20.889999999999997,951.6136318699998,-0.01999999999999602,1.0,False,False,15,Bardzo dobry
2026-05-16 15:48:55,station_01,20.81,951.603125,526.3792,4,5,5,20.877,951.6119912400002,-0.020000000000003126,1.0,False,False,15,Bardzo dobry
2026-05-16 15:49:25,station_01,20.82,951.6242187,526.3654,5,6,6,20.866,951.6142724899998,0.020000000000003126,1.0,False,False,15,Bardzo dobry
2026-05-16 15:49:55,station_01,20.82,951.594375,526.4559,4,5,6,20.855,951.61374999,0.0,0.8333333333333334,False,False,15,Bardzo dobry
2026-05-16 15:50:25,station_01,20.82,951.6110156,526.3099,5,6,6,20.847,951.61474217,0.0,1.0,False,False,15,Bardzo dobry
2026-05-16 15:50:55,station_01,20.82,951.646875,525.9962,4,6,6,20.84,951.61989842,0.0,1.0,False,False,15,Bardzo dobry
2026-05-16 15:51:25,station_01,20.83,951.6008594,526.3993,4,5,5,20.833,951.6187031100001,0.01999999999999602,1.0,False,False,15,Bardzo dobry
2026-05-16 15:51:55,station_01,20.84,951.6176562,526.2517,4,5,5,20.829,951.6151562299999,0.020000000000003126,1.0,False,False,15,Bardzo dobry
2026-05-16 15:52:25,station_01,20.85,951.6973437,525.5539,4,6,6,20.826,951.62184373,0.020000000000003126,1.0,False,False,15,Bardzo dobry
2026-05-16 15:52:55,station_01,20.84,951.6890625,525.6264,5,6,6,20.826999999999998,951.6315468600002,-0.020000000000003126,1.0,False,False,15,Bardzo dobry
2026-05-16 15:53:26,station_01,20.82,951.688125,525.6348,4,5,5,20.827,951.63726561,-0.03870967741935401,1.0,False,False,15,Bardzo dobry
2026-05-16 15:53:55,station_01,20.81,951.685625,525.6566,5,7,7,20.827,951.6455156099998,-0.020689655172417026,1.0,False,False,15,Bardzo dobry
2026-05-16 15:54:25,station_01,20.8,951.6801562,525.7042,5,6,8,20.825,951.65110936,-0.01999999999999602,0.75,False,False,15,Bardzo dobry
2026-05-16 15:54:55,station_01,20.79,951.7184375,525.3693,5,7,7,20.822000000000003,951.6635156099999,-0.020000000000003126,1.0,False,False,15,Bardzo dobry
2026-05-16 15:55:25,station_01,20.78,951.7698437,524.9191,5,6,6,20.818,951.67939842,-0.01999999999999602,1.0,False,False,15,Bardzo dobry
2026-05-16 15:55:55,station_01,20.77,951.7544531,525.0535,5,8,8,20.813,951.69015623,-0.020000000000003126,1.0,False,False,15,Bardzo dobry
2026-05-16 15:56:25,station_01,20.75,951.79125,524.7313,5,7,7,20.805,951.70919529,-0.03999999999999915,1.0,False,False,15,Bardzo dobry
2026-05-16 15:56:55,station_01,20.74,951.7782812,524.8451,5,6,6,20.795,951.7252577900001,-0.020000000000003126,1.0,False,False,15,Bardzo dobry
2026-05-16 15:57:25,station_01,20.73,951.821875,524.4632,5,5,6,20.782999999999998,951.73771092,-0.01999999999999602,0.8333333333333334,False,False,15,Bardzo dobry
2026-05-16 15:57:55,station_01,20.71,951.8235156,524.4489,6,8,8,20.770000000000003,951.7511562299999,-0.03999999999999915,1.0,False,False,15,Bardzo dobry
2026-05-16 15:58:25,station_01,20.69,951.81125,524.5563,5,6,6,20.756999999999998,951.76346873,-0.03999999999999915,1.0,False,False,15,Bardzo dobry
2026-05-16 15:58:55,station_01,20.69,951.7966406,524.6843,7,8,8,20.744999999999997,951.7745702899999,0.0,1.0,False,False,15,Bardzo dobry
2026-05-16 15:59:25,station_01,20.67,951.8035938,524.6235,6,8,8,20.732000000000003,951.7869140500001,-0.03999999999999915,1.0,False,False,15,Bardzo dobry
2026-05-16 15:59:55,station_01,20.68,951.811875,524.5505,7,8,9,20.721,951.7962578,0.01999999999999602,0.8888888888888888,False,False,15,Bardzo dobry
2026-05-16 16:00:25,station_01,20.7,951.8195312,524.4838,7,9,9,20.713,951.8012265500001,0.03999999999999915,1.0,False,False,16,Bardzo dobry
2026-05-16 16:00:55,station_01,20.68,951.7891406,524.7499,6,8,8,20.704,951.8046953,-0.03999999999999915,1.0,False,False,16,Bardzo dobry
2026-05-16 16:01:25,station_01,20.68,951.8132031,524.5388,6,7,8,20.697,951.8068906100001,0.0,0.875,False,False,16,Bardzo dobry
2026-05-16 16:01:55,station_01,20.66,951.75625,525.0381,6,7,7,20.689,951.8046874899999,-0.03999999999999915,1.0,False,False,16,Bardzo dobry
2026-05-16 16:02:25,station_01,20.66,951.7970313,524.6805,6,8,8,20.682,951.8022031200001,0.0,1.0,False,False,16,Bardzo dobry
2026-05-16 16:02:55,station_01,20.68,951.8171094,524.5049,6,8,8,20.679,951.8015625000002,0.03999999999999915,1.0,False,False,16,Bardzo dobry
2026-05-16 16:03:25,station_01,20.67,951.76625,524.9503,5,6,6,20.677,951.7970625,-0.01999999999999602,1.0,False,False,16,Bardzo dobry
2026-05-16 16:03:55,station_01,20.68,951.7673438,524.9408,6,8,8,20.676,951.7941328200001,0.01999999999999602,1.0,False,False,16,Bardzo dobry
2026-05-16 16:04:25,station_01,20.67,951.805,524.6113,5,8,8,20.676,951.79427344,-0.01999999999999602,1.0,False,False,16,Bardzo dobry
2026-05-16 16:04:55,station_01,20.68,951.8132031,524.5388,7,8,9,20.676000000000002,951.7944062500001,0.01999999999999602,0.8888888888888888,False,False,16,Bardzo dobry
2026-05-16 16:05:25,station_01,20.7,951.8070313,524.5933,7,9,9,20.676,951.7931562599999,0.03999999999999915,1.0,False,False,16,Bardzo dobry
2026-05-16 16:05:55,station_01,20.72,951.8229687,524.4537,5,6,6,20.68,951.7965390699999,0.03999999999999915,1.0,False,False,16,Bardzo dobry
2026-05-16 16:06:25,station_01,20.78,951.7196875,525.3582,6,8,8,20.69,951.7871875100002,0.12000000000000455,1.0,False,False,16,Bardzo dobry
2026-05-16 16:06:55,station_01,20.81,951.7804687,524.9075,6,8,9,20.705000000000002,951.78960938,0.05999999999999517,0.8888888888888888,False,False,16,Bardzo dobry
2026-05-16 16:07:25,station_01,20.86,951.7596875,525.008,7,8,8,20.725,951.7858749999999,0.10000000000000142,1.0,False,False,16,Bardzo dobry
2026-05-16 16:07:55,station_01,20.91,951.7476562,525.1133,7,9,9,20.748,951.7789296799999,0.10000000000000142,1.0,False,False,16,Bardzo dobry
2026-05-16 16:08:25,station_01,20.95,951.7757813,524.8673,6,8,8,20.776,951.77988281,0.0799999999999983,1.0,False,False,16,Bardzo dobry
2026-05-16 16:08:55,station_01,20.99,951.7404687,525.1762,5,6,6,20.807,951.7771952999999,0.0799999999999983,1.0,False,False,16,Bardzo dobry
2026-05-16 16:09:25,station_01,21.02,951.7660937,524.9514,5,6,6,20.842,951.7733046699999,0.060000000000002274,1.0,False,False,16,Bardzo dobry
2026-05-16 16:09:55,station_01,21.03,951.7725,524.8953,5,7,7,20.877,951.7692343599999,0.020000000000003126,1.0,False,False,16,Bardzo dobry
2026-05-16 16:10:25,station_01,21.07,951.7878125,524.7615,4,6,6,20.913999999999998,951.7673124800001,0.0799999999999983,1.0,False,False,16,Bardzo dobry
2026-05-16 16:10:55,station_01,21.09,951.7716406,524.9027,5,6,7,20.951,951.7621796700001,0.03999999999999915,0.8571428571428571,False,False,16,Bardzo dobry
2026-05-16 16:11:25,station_01,21.11,951.788125,524.7589,6,8,8,20.984,951.7690234199999,0.03999999999999915,1.0,False,False,16,Bardzo dobry
2026-05-16 16:11:55,station_01,21.1,951.7995312,524.6589,5,7,7,21.012999999999998,951.7709296700001,-0.01999999999999602,1.0,False,False,16,Bardzo dobry
2026-05-16 16:12:25,station_01,21.11,951.7703125,524.9149,5,6,6,21.038,951.7719921700002,0.01999999999999602,1.0,False,False,16,Bardzo dobry
2026-05-16 16:12:55,station_01,21.13,951.740625,525.1752,6,9,9,21.06,951.77128905,0.03999999999999915,1.0,False,False,16,Bardzo dobry
2026-05-16 16:13:25,station_01,21.12,951.7417188,525.1656,7,9,9,21.077,951.7678828,-0.01999999999999602,1.0,False,False,16,Bardzo dobry
2026-05-16 16:13:55,station_01,21.15,951.7891406,524.7499,6,7,7,21.092999999999996,951.77274999,0.05999999999999517,1.0,False,False,16,Bardzo dobry
2026-05-16 16:14:25,station_01,21.15,951.7803125,524.8271,7,9,9,21.106,951.7741718700001,0.0,1.0,False,False,16,Bardzo dobry
2026-05-16 16:14:55,station_01,21.17,951.8042188,524.6182,5,7,7,21.12,951.77734375,0.04000000000000625,1.0,False,False,16,Bardzo dobry
2026-05-16 16:15:25,station_01,21.18,951.8142969,524.5298,5,7,7,21.130999999999997,951.7799921899999,0.01999999999999602,1.0,False,False,16,Bardzo dobry
2026-05-16 16:15:56,station_01,21.19,951.7835156,524.7991,5,6,6,21.141000000000002,951.7811796899999,0.019354838709680442,1.0,False,False,16,Bardzo dobry
2026-05-16 16:16:25,station_01,21.2,951.8017187,524.6398,5,7,7,21.15,951.7825390600001,0.020689655172409678,1.0,False,False,16,Bardzo dobry
2026-05-16 16:16:55,station_01,21.2,951.78,524.8297,6,8,8,21.16,951.7805859399999,0.0,1.0,False,False,16,Bardzo dobry
2026-05-16 16:17:25,station_01,21.21,951.815,524.5235,5,7,7,21.169999999999998,951.7850546899999,0.020000000000003126,1.0,False,False,16,Bardzo dobry
2026-05-16 16:17:55,station_01,21.22,951.8142188,524.5303,7,8,8,21.179,951.7924140700001,0.01999999999999602,1.0,False,False,16,Bardzo dobry
2026-05-16 16:18:25,station_01,21.22,951.82,524.4796,6,7,7,21.189,951.8002421900001,0.0,1.0,False,False,16,Bardzo dobry
2026-05-16 16:18:55,station_01,21.22,951.8115625,524.5536,6,7,7,21.196,951.8024843800001,0.0,1.0,False,False,16,Bardzo dobry
2026-05-16 16:19:25,station_01,21.23,951.8072656,524.5912,7,10,10,21.204,951.8051796899999,0.020000000000003126,1.0,False,False,16,Bardzo dobry
2026-05-16 16:19:55,station_01,21.23,951.8065625,524.597,6,8,8,21.21,951.8054140600001,0.0,1.0,False,False,16,Bardzo dobry
2026-05-16 16:20:25,station_01,21.24,951.8177344,524.4991,6,9,10,21.216,951.80575781,0.01999999999999602,0.9,False,False,16,Bardzo dobry
2026-05-16 16:20:55,station_01,21.24,951.82625,524.4251,6,8,8,21.220999999999997,951.8100312500001,0.0,1.0,False,False,16,Bardzo dobry
2026-05-16 16:21:25,station_01,21.26,951.8121875,524.5478,6,7,7,21.226999999999997,951.8110781299999,0.04000000000000625,1.0,False,False,16,Bardzo dobry
2026-05-16 16:21:55,station_01,21.26,951.855625,524.1675,6,6,6,21.233,951.8186406300001,0.0,1.0,False,False,16,Bardzo dobry
2026-05-16 16:22:25,station_01,21.26,951.8239063,524.4452,5,7,7,21.238,951.8195312600001,0.0,1.0,False,False,16,Bardzo dobry
2026-05-16 16:22:55,station_01,21.26,951.8232031,524.4521,6,8,9,21.242,951.82042969,0.0,0.8888888888888888,False,False,16,Bardzo dobry
2026-05-16 16:23:25,station_01,21.28,951.8539063,524.1829,5,7,7,21.248,951.8238203200001,0.03999999999999915,1.0,False,False,16,Bardzo dobry
2026-05-16 16:23:55,station_01,21.28,951.8115625,524.5536,5,7,7,21.254,951.8238203199999,0.0,1.0,False,False,16,Bardzo dobry
2026-05-16 16:24:25,station_01,21.28,951.8371875,524.3293,6,8,8,21.259000000000004,951.8268125100001,0.0,1.0,False,False,16,Bardzo dobry
2026-05-16 16:24:55,station_01,21.29,951.8060156,524.6017,5,7,7,21.265,951.82675782,0.01999999999999602,1.0,False,False,16,Bardzo dobry
2026-05-16 16:25:25,station_01,21.3,951.8657813,524.0786,6,8,8,21.271,951.83156251,0.020000000000003126,1.0,False,False,16,Bardzo dobry
2026-05-16 16:25:55,station_01,21.32,951.8342969,524.3547,6,8,8,21.279000000000003,951.8323671999999,0.03999999999999915,1.0,False,False,16,Bardzo dobry
2026-05-16 16:26:25,station_01,21.36,951.836875,524.332,7,8,8,21.289,951.83483595,0.0799999999999983,1.0,False,False,16,Bardzo dobry
2026-05-16 16:26:55,station_01,21.39,951.8389063,524.314,6,7,8,21.302,951.83316408,0.060000000000002274,0.875,False,False,16,Bardzo dobry
2026-05-16 16:27:25,station_01,21.42,951.8582813,524.1442,6,8,8,21.318,951.83660158,0.060000000000002274,1.0,False,False,16,Bardzo dobry
2026-05-16 16:27:55,station_01,21.43,951.8629688,524.1035,6,8,9,21.335,951.8405781500002,0.01999999999999602,0.8888888888888888,False,False,16,Bardzo dobry
2026-05-16 16:28:25,station_01,21.44,951.8470312,524.2426,6,8,8,21.351,951.83989064,0.020000000000003126,1.0,False,False,16,Bardzo dobry
2026-05-16 16:28:55,station_01,21.47,951.87,524.0416,6,7,7,21.37,951.8457343900002,0.05999999999999517,1.0,False,False,16,Bardzo dobry
2026-05-16 16:29:25,station_01,21.48,951.9045312,523.7391,6,8,8,21.39,951.85246876,0.020000000000003126,1.0,False,False,16,Bardzo dobry
2026-05-16 16:29:55,station_01,21.48,951.9017187,523.7639,6,7,8,21.409,951.86203907,0.0,0.875,False,False,16,Bardzo dobry
2026-05-16 16:30:25,station_01,21.49,951.9228125,523.5793,6,8,8,21.428,951.86774219,0.01999999999999602,1.0,False,False,16,Bardzo dobry
2026-05-16 16:30:55,station_01,21.53,951.9216406,523.5894,6,7,7,21.448999999999998,951.8764765600001,0.0800000000000054,1.0,False,False,16,Bardzo dobry
2026-05-16 16:31:25,station_01,21.54,951.9374219,523.4514,6,7,9,21.467000000000002,951.88653125,0.01999999999999602,0.7777777777777778,False,False,16,Bardzo dobry
2026-05-16 16:31:55,station_01,21.54,951.9303125,523.5138,6,8,8,21.482,951.8956718699999,0.0,1.0,False,False,16,Bardzo dobry
2026-05-16 16:32:25,station_01,21.55,951.9015625,523.7655,6,7,7,21.494999999999997,951.89999999,0.020000000000003126,1.0,False,False,16,Bardzo dobry
2026-05-16 16:32:55,station_01,21.55,951.9517188,523.326,6,7,7,21.506999999999998,951.9088749899998,0.0,1.0,False,False,16,Bardzo dobry
2026-05-16 16:33:25,station_01,21.55,951.9478125,523.3604,6,7,7,21.518,951.91895312,0.0,1.0,False,False,16,Bardzo dobry
2026-05-16 16:33:55,station_01,21.53,951.9540625,523.3059,5,6,6,21.524,951.92735937,-0.03999999999999915,1.0,False,False,16,Bardzo dobry
2026-05-16 16:34:25,station_01,21.51,951.9930469,522.9642,5,6,6,21.527,951.9362109399999,-0.03999999999999915,1.0,False,False,16,Bardzo dobry
2026-05-16 16:34:55,station_01,21.5,951.9766,523.1086,6,8,9,21.529,951.94369907,-0.020000000000003126,0.8888888888888888,False,False,16,Bardzo dobry
2026-05-16 16:35:25,station_01,21.48,951.961875,523.2372,6,7,7,21.528000000000002,951.94760532,-0.03999999999999915,1.0,False,False,16,Bardzo dobry
2026-05-16 16:35:55,station_01,21.48,951.9632813,523.225,6,7,7,21.523000000000003,951.95176939,0.0,1.0,False,False,16,Bardzo dobry
2026-05-16 16:36:25,station_01,21.48,951.964375,523.2155,7,8,8,21.517,951.9544646999999,0.0,1.0,False,False,16,Bardzo dobry
2026-05-16 16:36:55,station_01,21.49,951.9615625,523.2398,5,7,8,21.512,951.9575896999999,0.01999999999999602,0.875,False,False,16,Bardzo dobry
2026-05-16 16:37:25,station_01,21.49,951.9700781,523.1652,6,7,7,21.506,951.9644412599998,0.0,1.0,False,False,16,Bardzo dobry
2026-05-16 16:37:55,station_01,21.5,951.97125,523.1552,6,7,7,21.500999999999998,951.96639438,0.020000000000003126,1.0,False,False,16,Bardzo dobry
2026-05-16 16:38:25,station_01,21.52,951.9867188,523.0886,4,6,6,21.497999999999998,951.97028501,0.03999999999999915,1.0,False,False,16,Bardzo dobry
2026-05-16 16:38:55,station_01,21.52,951.9871875,522.8294,5,6,6,21.497,951.9735975099999,0.0,1.0,False,False,16,Bardzo dobry
2026-05-16 16:39:25,station_01,21.52,951.9885937,523.0034,3,5,6,21.497999999999998,951.97315219,0.0,0.8333333333333334,False,False,16,Bardzo dobry
2026-05-16 16:39:55,station_01,21.5,951.9801563,523.0769,6,7,8,21.497999999999998,951.9735078199999,-0.03999999999999915,0.875,False,False,16,Bardzo dobry
2026-05-16 16:40:25,station_01,21.47,951.978125,523.0949,6,8,8,21.497,951.97513282,-0.060000000000002274,1.0,False,False,16,Bardzo dobry
2026-05-16 16:40:55,station_01,21.49,951.991875,522.9743,5,7,7,21.497999999999998,951.9779921900001,0.03999999999999915,1.0,False,False,16,Bardzo dobry
2026-05-16 16:41:25,station_01,21.53,952.0153125,522.7691,5,7,7,21.503,951.9830859400001,0.0800000000000054,1.0,False,False,16,Bardzo dobry
2026-05-16 16:41:55,station_01,21.54,951.98625,523.0235,7,8,8,21.508,951.9855546900001,0.01999999999999602,1.0,False,False,16,Bardzo dobry
2026-05-16 16:42:25,station_01,21.55,952.033125,522.6131,6,7,8,21.514,951.9918593799999,0.020000000000003126,0.875,False,False,16,Bardzo dobry
2026-05-16 16:42:55,station_01,21.57,951.998125,522.9199,6,7,8,21.520999999999997,951.99454688,0.03999999999999915,0.875,False,False,16,Bardzo dobry
2026-05-16 16:43:25,station_01,21.59,951.99,522.9912,6,7,7,21.528,951.994875,0.03999999999999915,1.0,False,False,16,Bardzo dobry
2026-05-16 16:43:55,station_01,21.58,952.0103125,522.813,6,7,8,21.534,951.9971875000001,-0.020000000000003126,0.875,False,False,16,Bardzo dobry
2026-05-16 16:44:25,station_01,21.58,951.9964062,522.9346,6,7,8,21.54,951.9979687500002,0.0,0.875,False,False,16,Bardzo dobry
2026-05-16 16:44:55,station_01,21.6,951.97375,523.133,5,7,7,21.55,951.99732812,0.04000000000000625,1.0,False,False,16,Bardzo dobry
2026-05-16 16:45:25,station_01,21.61,951.9945313,522.9515,7,9,9,21.564,951.9989687499999,0.01999999999999602,1.0,False,False,16,Bardzo dobry
2026-05-16 16:45:56,station_01,21.59,952.0274219,522.6633,6,7,7,21.574,952.00252344,-0.03870967741935401,1.0,False,False,16,Bardzo dobry
2026-05-16 16:46:25,station_01,21.59,951.9886719,523.0029,7,10,10,21.580000000000002,951.9998593799999,0.0,1.0,False,False,16,Bardzo dobry
2026-05-16 16:46:55,station_01,21.59,952.0210937,522.7183,5,8,8,21.585,952.00334375,0.0,1.0,False,False,16,Bardzo dobry
2026-05-16 16:47:25,station_01,21.6,951.9898437,522.9923,6,7,7,21.59,951.9990156199999,0.020000000000003126,1.0,False,False,16,Bardzo dobry
2026-05-16 16:47:55,station_01,21.63,951.9882031,523.0066,6,8,8,21.596,951.9980234300001,0.05999999999999517,1.0,False,False,16,Bardzo dobry
2026-05-16 16:48:25,station_01,21.64,952.0538281,522.4788,6,8,8,21.601,952.00440624,0.020000000000003126,1.0,False,False,16,Bardzo dobry
2026-05-16 16:48:55,station_01,21.68,952.0035156,522.8723,5,7,7,21.611,952.0037265499999,0.0799999999999983,1.0,False,False,16,Bardzo dobry
2026-05-16 16:49:25,station_01,21.67,952.0069531,522.8427,6,8,8,21.619999999999997,952.00478124,-0.01999999999999602,1.0,False,False,16,Bardzo dobry
2026-05-16 16:49:55,station_01,21.65,952.0267969,522.6686,6,8,8,21.625,952.0100859300001,-0.04000000000000625,1.0,False,False,16,Bardzo dobry
2026-05-16 16:50:25,station_01,21.65,952.0036719,522.8712,6,8,8,21.628999999999998,952.01099999,0.0,1.0,False,False,16,Bardzo dobry
2026-05-16 16:50:55,station_01,21.65,952.0001563,522.6533,6,7,7,21.634999999999998,952.00827343,0.0,1.0,False,False,16,Bardzo dobry
2026-05-16 16:51:25,station_01,21.65,952.03,522.6406,6,7,7,21.641,952.0124062399998,0.0,1.0,False,False,16,Bardzo dobry
2026-05-16 16:51:55,station_01,21.65,951.9833594,523.0494,6,8,8,21.647,952.00863281,0.0,1.0,False,False,16,Bardzo dobry
2026-05-16 16:52:25,station_01,21.64,952.0591406,522.3852,6,7,7,21.651,952.0155625000001,-0.01999999999999602,1.0,False,False,16,Bardzo dobry
2026-05-16 16:52:56,station_01,21.65,952.0175,522.7501,6,7,8,21.653,952.0184921900002,0.019354838709673566,0.875,False,False,16,Bardzo dobry
2026-05-16 16:53:25,station_01,21.65,952.006875,522.8431,6,7,7,21.654,952.01379688,0.0,1.0,False,False,16,Bardzo dobry
2026-05-16 16:53:55,station_01,21.65,952.0175,522.7966,6,8,8,21.651,952.01519532,0.0,1.0,False,False,16,Bardzo dobry
2026-05-16 16:54:25,station_01,21.64,952.0342188,522.6036,5,7,7,21.647999999999996,952.01792189,-0.01999999999999602,1.0,False,False,16,Bardzo dobry
2026-05-16 16:54:55,station_01,21.64,952.0146875,522.7744,6,8,9,21.647,952.0167109500001,0.0,0.8888888888888888,False,False,16,Bardzo dobry
2026-05-16 16:55:25,station_01,21.65,952.0221094,522.7099,5,7,8,21.647,952.0185547000001,0.01999999999999602,0.875,False,False,16,Bardzo dobry
2026-05-16 16:55:55,station_01,21.79,952.0426563,522.5295,4,7,8,21.660999999999998,952.0228047,0.28000000000000114,0.875,False,False,16,Bardzo dobry
2026-05-16 16:56:25,station_01,22.32,951.9621875,523.2345,6,9,9,21.727999999999998,952.0160234500001,1.0600000000000023,1.0,False,False,16,Bardzo dobry
2026-05-16 16:56:55,station_01,22.2,951.9907813,522.9838,7,7,7,21.783,952.0167656399999,-0.240000000000002,1.0,False,False,16,Bardzo dobry
2026-05-16 16:57:25,station_01,22.08,952.0030469,522.8765,6,8,8,21.826999999999998,952.01115627,-0.240000000000002,1.0,False,False,16,Bardzo dobry
2026-05-16 16:57:55,station_01,21.99,951.9776562,523.0991,6,8,8,21.861,952.0071718899999,-0.17999999999999972,1.0,False,False,16,Bardzo dobry
2026-05-16 16:58:25,station_01,21.92,952.0160156,522.7633,6,8,8,21.887999999999998,952.00808595,-0.13999999999999346,1.0,False,False,16,Bardzo dobry
2026-05-16 16:58:55,station_01,21.86,951.9889063,523.0007,5,7,7,21.909,952.0052265800001,-0.12000000000000455,1.0,False,False,16,Bardzo dobry
2026-05-16 16:59:25,station_01,21.82,951.9790625,523.0864,5,7,7,21.927,951.99971095,-0.0799999999999983,1.0,False,False,16,Bardzo dobry
2026-05-16 16:59:55,station_01,21.78,951.99125,522.9796,6,8,8,21.941,951.9973672,-0.0799999999999983,1.0,False,False,16,Bardzo dobry
2026-05-16 17:00:25,station_01,21.75,951.9879688,523.0087,5,6,6,21.951,951.9939531399999,-0.060000000000002274,1.0,False,False,17,Bardzo dobry
2026-05-16 17:00:55,station_01,21.74,951.9251562,523.5587,5,6,6,21.946,951.9822031299998,-0.020000000000003126,1.0,False,False,17,Bardzo dobry
2026-05-16 17:01:25,station_01,21.73,952.0020312,522.8854,7,8,8,21.887,951.9861875,-0.01999999999999602,1.0,False,False,17,Bardzo dobry
2026-05-16 17:01:55,station_01,21.71,951.9628125,523.2287,6,6,6,21.838,951.9833906200001,-0.03999999999999915,1.0,False,False,17,Bardzo dobry
2026-05-16 17:02:25,station_01,21.69,951.9775,523.1346,6,7,7,21.799,951.9808359299999,-0.03999999999999915,1.0,False,False,17,Bardzo dobry
2026-05-16 17:02:55,station_01,21.68,951.9565625,523.2837,5,7,7,21.768,951.97872656,-0.020000000000003126,1.0,False,False,17,Bardzo dobry
2026-05-16 17:03:25,station_01,21.67,951.9489063,523.3509,6,8,8,21.743000000000002,951.97201563,-0.01999999999999602,1.0,False,False,17,Bardzo dobry
2026-05-16 17:03:55,station_01,21.66,951.98625,523.0235,6,8,8,21.723,951.9717499999999,-0.020000000000003126,1.0,False,False,17,Bardzo dobry
2026-05-16 17:04:25,station_01,21.67,951.988125,523.0076,5,5,5,21.708000000000002,951.97265625,0.020000000000003126,1.0,False,False,17,Bardzo dobry
2026-05-16 17:04:55,station_01,21.66,951.9969531,522.9299,6,8,9,21.696,951.97322656,-0.020000000000003126,0.8888888888888888,False,False,17,Bardzo dobry
2026-05-16 17:05:25,station_01,21.64,951.9950781,522.9468,4,5,5,21.685,951.97393749,-0.03999999999999915,1.0,False,False,17,Bardzo dobry
2026-05-16 17:05:55,station_01,21.65,951.9588281,523.2642,5,7,7,21.676,951.9773046800001,0.01999999999999602,1.0,False,False,17,Bardzo dobry
2026-05-16 17:06:25,station_01,21.63,951.99,522.9912,6,8,8,21.666,951.97610156,-0.03999999999999915,1.0,False,False,17,Bardzo dobry
2026-05-16 17:06:55,station_01,21.64,952.023125,522.7009,5,7,7,21.659,951.9821328099999,0.020000000000003126,1.0,False,False,17,Bardzo dobry
2026-05-16 17:07:25,station_01,21.62,951.98,523.0785,6,6,6,21.652,951.9823828100001,-0.03999999999999915,1.0,False,False,17,Bardzo dobry
2026-05-16 17:07:55,station_01,21.63,951.9892187,522.9981,6,8,8,21.647,951.9856484300001,0.01999999999999602,1.0,False,False,17,Bardzo dobry
2026-05-16 17:08:25,station_01,21.6,951.9671094,523.1912,5,8,8,21.64,951.98746874,-0.05999999999999517,1.0,False,False,17,Bardzo dobry
2026-05-16 17:08:55,station_01,21.62,951.9867188,522.8759,6,7,7,21.636000000000003,951.9875156200002,0.03999999999999915,1.0,False,False,17,Bardzo dobry
2026-05-16 17:09:25,station_01,21.6,951.9973438,522.9267,5,6,7,21.628999999999998,951.9884374999999,-0.03999999999999915,0.8571428571428571,False,False,17,Bardzo dobry
2026-05-16 17:09:55,station_01,21.6,951.9453,523.3821,6,7,8,21.622999999999998,951.98327219,0.0,0.875,False,False,17,Bardzo dobry
2026-05-16 17:10:25,station_01,21.6,952.0079688,522.8331,5,8,8,21.619000000000003,951.98456126,0.0,1.0,False,False,17,Bardzo dobry
2026-05-16 17:10:55,station_01,21.61,952.011875,522.7993,4,6,6,21.615000000000002,951.9898659500001,0.01999999999999602,1.0,False,False,17,Bardzo dobry
2026-05-16 17:11:25,station_01,21.59,952.0157031,522.7659,5,7,7,21.611,951.9924362600001,-0.03999999999999915,1.0,False,False,17,Bardzo dobry
2026-05-16 17:11:55,station_01,21.6,952.0346094,522.6004,6,8,8,21.607,951.9935847,0.020000000000003126,1.0,False,False,17,Bardzo dobry
2026-05-16 17:12:25,station_01,21.61,952.0246875,522.6871,5,7,7,21.606,951.9980534499998,0.01999999999999602,1.0,False,False,17,Bardzo dobry
2026-05-16 17:12:55,station_01,21.64,952.0178125,522.7474,5,7,7,21.607,952.0009128300001,0.060000000000002274,1.0,False,False,17,Bardzo dobry
2026-05-16 17:13:25,station_01,21.64,952.0235938,522.6967,5,7,8,21.611,952.00656127,0.0,0.875,False,False,17,Bardzo dobry
2026-05-16 17:13:55,station_01,21.66,952.036875,522.5803,6,6,6,21.615000000000002,952.0115768899999,0.03999999999999915,1.0,False,False,17,Bardzo dobry
2026-05-16 17:14:25,station_01,21.68,952.0426563,522.5295,4,5,5,21.623,952.0161081399999,0.03999999999999915,1.0,False,False,17,Bardzo dobry
2026-05-16 17:14:55,station_01,21.69,952.0545312,522.4259,5,8,8,21.632,952.02703126,0.020000000000003126,1.0,False,False,17,Bardzo dobry
2026-05-16 17:15:25,station_01,21.7,952.0253125,522.6813,5,6,6,21.642,952.02876563,0.01999999999999602,1.0,False,False,17,Bardzo dobry
2026-05-16 17:15:55,station_01,21.7,952.0598438,522.3793,6,8,8,21.651,952.0335625099999,0.0,1.0,False,False,17,Bardzo dobry
2026-05-16 17:16:25,station_01,21.72,952.0157813,522.7649,5,7,7,21.663999999999998,952.03357033,0.03999999999999915,1.0,False,False,17,Bardzo dobry
2026-05-16 17:16:55,station_01,21.71,952.0389062,522.5629,5,7,7,21.675,952.0340000099999,-0.01999999999999602,1.0,False,False,17,Bardzo dobry
2026-05-16 17:17:24,station_01,21.72,952.029375,522.6464,5,7,7,21.686,952.03446876,0.020689655172409678,1.0,False,False,17,Bardzo dobry
2026-05-16 17:17:55,station_01,21.71,952.0023438,522.8828,6,9,9,21.693,952.03292189,-0.019354838709673566,1.0,False,False,17,Bardzo dobry
2026-05-16 17:18:25,station_01,21.73,952.0109375,522.8077,5,7,7,21.701999999999998,952.0316562599999,0.03999999999999915,1.0,False,False,17,Bardzo dobry
2026-05-16 17:18:55,station_01,21.7,952.0666406,522.3196,5,7,7,21.706,952.03463282,-0.060000000000002274,1.0,False,False,17,Bardzo dobry
2026-05-16 17:19:25,station_01,21.71,952.0734375,522.2604,5,6,6,21.708999999999996,952.03771094,0.020000000000003126,1.0,False,False,17,Bardzo dobry
2026-05-16 17:19:55,station_01,21.7,952.0292188,522.6475,5,7,7,21.71,952.0351797,-0.020000000000003126,1.0,False,False,17,Bardzo dobry
2026-05-16 17:20:25,station_01,21.71,952.0539062,522.4312,5,6,6,21.711000000000002,952.03803907,0.020000000000003126,1.0,False,False,17,Bardzo dobry
2026-05-16 17:20:55,station_01,21.69,952.053125,522.4386,6,8,8,21.71,952.03736719,-0.03999999999999915,1.0,False,False,17,Bardzo dobry
2026-05-16 17:21:25,station_01,21.68,952.0075,522.8373,6,8,8,21.706,952.03653906,-0.020000000000003126,1.0,False,False,17,Bardzo dobry
2026-05-16 17:21:55,station_01,21.65,952.0577344,522.3979,6,7,7,21.7,952.03842188,-0.060000000000002274,1.0,False,False,17,Bardzo dobry
2026-05-16 17:22:25,station_01,21.6,952.0645312,522.3386,4,6,7,21.688,952.0419375000001,-0.09999999999999432,0.8571428571428571,False,False,17,Bardzo dobry
2026-05-16 17:22:55,station_01,21.53,952.0490625,522.4735,5,7,8,21.669999999999998,952.04660937,-0.14000000000000057,0.875,False,False,17,Bardzo dobry
2026-05-16 17:23:25,station_01,21.48,952.0710938,522.2805,6,7,7,21.645000000000003,952.052625,-0.10000000000000142,1.0,False,False,17,Bardzo dobry
2026-05-16 17:23:55,station_01,21.44,952.0579687,522.327,6,9,9,21.619,952.05175781,-0.0799999999999983,1.0,False,False,17,Bardzo dobry
2026-05-16 17:24:25,station_01,21.42,952.060625,522.3725,5,6,6,21.590000000000003,952.0504765599999,-0.03999999999999915,1.0,False,False,17,Bardzo dobry
2026-05-16 17:24:55,station_01,21.4,952.05625,522.4105,6,8,8,21.56,952.0531796800002,-0.04000000000000625,1.0,False,False,17,Bardzo dobry
2026-05-16 17:25:25,station_01,21.38,952.073125,522.263,5,6,6,21.526999999999997,952.05510156,-0.03999999999999915,1.0,False,False,17,Bardzo dobry
2026-05-16 17:25:55,station_01,21.37,952.07375,522.2577,5,6,6,21.494999999999997,952.0571640599999,-0.01999999999999602,1.0,False,False,17,Bardzo dobry
2026-05-16 17:26:25,station_01,21.36,952.0810938,522.1932,5,7,7,21.463,952.0645234400001,-0.020000000000003126,1.0,False,False,17,Bardzo dobry
2026-05-16 17:26:55,station_01,21.36,952.1078125,521.9595,5,7,7,21.434,952.06953125,0.0,1.0,False,False,17,Bardzo dobry
2026-05-16 17:27:25,station_01,21.35,952.0896875,522.1181,5,7,9,21.409000000000002,952.0720468799998,-0.01999999999999602,0.7777777777777778,False,False,17,Bardzo dobry
2026-05-16 17:27:55,station_01,21.36,952.1303125,521.7622,6,8,8,21.392,952.0801718800001,0.01999999999999602,1.0,False,False,17,Bardzo dobry
2026-05-16 17:28:25,station_01,21.38,952.1182812,521.8674,5,8,8,21.381999999999998,952.0848906199999,0.03999999999999915,1.0,False,False,17,Bardzo dobry
2026-05-16 17:28:55,station_01,21.46,952.1040625,521.9922,7,9,9,21.384,952.0895,0.1600000000000037,1.0,False,False,17,Bardzo dobry
2026-05-16 17:29:25,station_01,21.52,952.0814062,522.1906,5,7,8,21.394,952.0915781200001,0.11999999999999744,0.875,False,False,17,Bardzo dobry
2026-05-16 17:29:55,station_01,21.54,952.1,522.0277,7,9,9,21.408,952.0959531199999,0.03999999999999915,1.0,False,False,17,Bardzo dobry
2026-05-16 17:30:25,station_01,21.56,952.1471875,521.6141,4,6,6,21.426000000000002,952.10335937,0.03999999999999915,1.0,False,False,17,Bardzo dobry
2026-05-16 17:30:55,station_01,21.55,952.1457031,521.6274,6,7,7,21.444,952.1105546800002,-0.01999999999999602,1.0,False,False,17,Bardzo dobry
2026-05-16 17:31:25,station_01,21.54,952.1320312,521.7474,5,7,7,21.462,952.1156484199998,-0.020000000000003126,1.0,False,False,17,Bardzo dobry
2026-05-16 17:31:55,station_01,21.52,952.160625,521.4968,5,6,7,21.478,952.1209296700001,-0.03999999999999915,0.8571428571428571,False,False,17,Bardzo dobry
2026-05-16 17:32:25,station_01,21.51,952.1467187,521.6184,6,6,6,21.494,952.12663279,-0.01999999999999602,1.0,False,False,17,Bardzo dobry
2026-05-16 17:32:55,station_01,21.51,952.1360937,521.7114,6,7,7,21.509,952.1272109099998,0.0,1.0,False,False,17,Bardzo dobry
2026-05-16 17:33:25,station_01,21.5,952.1598438,521.5037,5,6,6,21.521,952.13136717,-0.020000000000003126,1.0,False,False,17,Bardzo dobry
2026-05-16 17:33:55,station_01,21.53,952.1511719,521.5792,6,9,10,21.528,952.13607811,0.060000000000002274,0.9,False,False,17,Bardzo dobry
2026-05-16 17:34:25,station_01,21.55,952.1207813,521.8458,6,7,8,21.531,952.14001562,0.03999999999999915,0.875,False,False,17,Bardzo dobry
2026-05-16 17:34:55,station_01,21.6,952.1147656,521.8986,5,7,7,21.537,952.14149218,0.10000000000000142,1.0,False,False,17,Bardzo dobry
2026-05-16 17:35:25,station_01,21.63,952.1611719,521.492,5,6,7,21.544,952.1428906200001,0.05999999999999517,0.8571428571428571,False,False,17,Bardzo dobry
2026-05-16 17:35:55,station_01,21.66,952.1820313,521.3096,5,6,7,21.555,952.1465234399999,0.060000000000002274,0.8571428571428571,False,False,17,Bardzo dobry
2026-05-16 17:36:25,station_01,21.68,952.1602,521.501,4,7,8,21.569,952.14934032,0.03999999999999915,0.875,False,False,17,Bardzo dobry
2026-05-16 17:36:55,station_01,21.71,952.1492969,521.5962,6,7,7,21.588,952.1482075099999,0.060000000000002274,1.0,False,False,17,Bardzo dobry
2026-05-16 17:37:25,station_01,21.74,952.17125,521.4037,5,7,7,21.611,952.1506606400001,0.05999999999999517,1.0,False,False,17,Bardzo dobry
2026-05-16 17:37:55,station_01,21.76,952.20375,521.1192,4,6,6,21.636000000000003,952.15742627,0.04000000000000625,1.0,False,False,17,Bardzo dobry
2026-05-16 17:38:25,station_01,21.76,952.1510937,521.5803,4,5,5,21.662,952.15655126,0.0,1.0,False,False,17,Bardzo dobry
2026-05-16 17:38:55,station_01,21.76,952.1564063,521.5338,7,8,8,21.685,952.1570747,0.0,1.0,False,False,17,Bardzo dobry
2026-05-16 17:39:25,station_01,21.75,952.18375,521.3535,5,7,7,21.705000000000002,952.16337157,-0.020000000000003126,1.0,False,False,17,Bardzo dobry
2026-05-16 17:39:55,station_01,21.77,952.19125,521.2292,7,9,9,21.722,952.17102001,0.03999999999999915,1.0,False,False,17,Bardzo dobry
2026-05-16 17:40:25,station_01,21.77,952.1952344,521.1938,5,8,8,21.736,952.1744262599999,0.0,1.0,False,False,17,Bardzo dobry
2026-05-16 17:40:55,station_01,21.78,952.1924219,521.2181,5,7,8,21.748,952.17546532,0.020000000000003126,0.875,False,False,17,Bardzo dobry
2026-05-16 17:41:25,station_01,21.8,952.2214062,520.9643,6,8,8,21.759999999999998,952.18158594,0.03999999999999915,1.0,False,False,17,Bardzo dobry
2026-05-16 17:41:55,station_01,21.82,952.2471094,520.7396,5,7,7,21.770999999999997,952.1913671900002,0.03999999999999915,1.0,False,False,17,Bardzo dobry
2026-05-16 17:42:25,station_01,21.83,952.2578906,520.6454,5,7,7,21.78,952.20003125,0.01999999999999602,1.0,False,False,17,Bardzo dobry
2026-05-16 17:42:55,station_01,21.84,952.2469531,520.7411,6,10,10,21.788000000000004,952.2043515600001,0.020000000000003126,1.0,False,False,17,Bardzo dobry
2026-05-16 17:43:25,station_01,21.86,952.24,520.8019,6,8,9,21.798,952.21324219,0.03999999999999915,0.8888888888888888,False,False,17,Bardzo dobry
2026-05-16 17:43:55,station_01,21.85,952.2746875,520.4985,5,7,8,21.807,952.2250703100001,-0.01999999999999602,0.875,False,False,17,Bardzo dobry
2026-05-16 17:44:25,station_01,21.89,952.2867187,520.3927,6,7,7,21.821,952.2353671799999,0.0799999999999983,1.0,False,False,17,Bardzo dobry
2026-05-16 17:44:55,station_01,21.86,952.2813,520.4408,5,8,8,21.830000000000002,952.24437218,-0.060000000000002274,1.0,False,False,17,Bardzo dobry
2026-05-16 17:45:25,station_01,21.88,952.2607031,520.6206,5,8,8,21.841,952.2509190500001,0.03999999999999915,1.0,False,False,17,Bardzo dobry
2026-05-16 17:45:55,station_01,21.9,952.3213281,520.0897,6,8,9,21.852999999999998,952.26380967,0.03999999999999915,0.8888888888888888,False,False,17,Bardzo dobry
2026-05-16 17:46:25,station_01,21.89,952.3255469,520.0527,6,7,7,21.862000000000002,952.27422374,-0.01999999999999602,1.0,False,False,17,Bardzo dobry
2026-05-16 17:46:55,station_01,21.88,952.2742188,520.5021,7,9,9,21.868000000000002,952.27693468,-0.020000000000003126,1.0,False,False,17,Bardzo dobry
2026-05-16 17:47:25,station_01,21.9,952.2860937,520.3985,5,7,7,21.875,952.2797549899999,0.03999999999999915,1.0,False,False,17,Bardzo dobry
2026-05-16 17:47:55,station_01,21.92,952.3278906,520.0327,6,7,7,21.883,952.2878487400001,0.04000000000000625,1.0,False,False,17,Bardzo dobry
2026-05-16 17:48:25,station_01,21.94,952.3016406,520.2621,6,7,7,21.891,952.2940128,0.03999999999999915,1.0,False,False,17,Bardzo dobry
2026-05-16 17:48:55,station_01,21.96,952.2882812,520.3795,5,8,8,21.902,952.29537217,0.03999999999999915,1.0,False,False,17,Bardzo dobry
2026-05-16 17:49:25,station_01,21.96,952.3064844,520.2203,5,7,7,21.909,952.2973487400001,0.0,1.0,False,False,17,Bardzo dobry
2026-05-16 17:49:55,station_01,21.97,952.3360156,519.9612,5,8,9,21.92,952.3028203,0.01999999999999602,0.8888888888888888,False,False,17,Bardzo dobry
2026-05-16 17:50:25,station_01,21.97,952.2965625,520.3065,7,9,10,21.929,952.3064062399999,0.0,0.9,False,False,17,Bardzo dobry
2026-05-16 17:50:55,station_01,21.97,952.3267188,520.0427,4,7,7,21.936,952.3069453100001,0.0,1.0,False,False,17,Bardzo dobry
2026-05-16 17:51:25,station_01,21.99,952.3578906,519.7699,5,6,6,21.945999999999998,952.3101796800001,0.03999999999999915,1.0,False,False,17,Bardzo dobry
2026-05-16 17:51:55,station_01,21.99,952.3404688,519.9227,7,9,10,21.957,952.3168046799999,0.0,0.9,False,False,17,Bardzo dobry
2026-05-16 17:52:25,station_01,22.0,952.3280469,520.0311,6,8,9,21.967,952.3210000000001,0.020000000000003126,0.8888888888888888,False,False,17,Bardzo dobry
2026-05-16 17:52:55,station_01,22.0,952.3358594,520.1495,5,7,7,21.975,952.32179688,0.0,1.0,False,False,17,Bardzo dobry
2026-05-16 17:53:25,station_01,22.0,952.366875,519.6911,6,7,7,21.981,952.3283203200001,0.0,1.0,False,False,17,Bardzo dobry
2026-05-16 17:53:55,station_01,21.99,952.3810156,519.5674,5,8,9,21.984,952.33759376,-0.020000000000003126,0.8888888888888888,False,False,17,Bardzo dobry
2026-05-16 17:54:25,station_01,22.02,952.36875,519.6747,5,7,7,21.99,952.34382032,0.060000000000002274,1.0,False,False,17,Bardzo dobry
2026-05-16 17:54:55,station_01,22.02,952.3758594,519.6123,5,7,7,21.994999999999997,952.3478047000001,0.0,1.0,False,False,17,Bardzo dobry
2026-05-16 17:55:25,station_01,22.02,952.3819531,519.5589,5,7,7,22.0,952.35634376,0.0,1.0,False,False,17,Bardzo dobry
2026-05-16 17:55:55,station_01,22.03,952.3898437,519.4902,6,7,7,22.006,952.36265625,0.020000000000003126,1.0,False,False,17,Bardzo dobry
2026-05-16 17:56:25,station_01,22.01,952.3875781,519.5098,5,6,6,22.008,952.365625,-0.03999999999999915,1.0,False,False,17,Bardzo dobry
2026-05-16 17:56:55,station_01,22.02,952.3651563,519.7059,5,7,7,22.011000000000003,952.3680937500001,0.01999999999999602,1.0,False,False,17,Bardzo dobry
2026-05-16 17:57:25,station_01,22.01,952.3648437,519.7086,6,8,9,22.012,952.3717734300001,-0.01999999999999602,0.8888888888888888,False,False,17,Bardzo dobry
2026-05-16 17:57:55,station_01,22.03,952.3560156,519.7863,6,7,8,22.015,952.37378905,0.03999999999999915,0.875,False,False,17,Bardzo dobry
2026-05-16 17:58:25,station_01,22.04,952.3717969,519.6478,5,7,8,22.019,952.37428124,0.01999999999999602,0.875,False,False,17,Bardzo dobry
2026-05-16 17:58:55,station_01,22.0,952.3607812,519.7445,5,7,7,22.02,952.3722578,-0.0799999999999983,1.0,False,False,17,Bardzo dobry
2026-05-16 17:59:25,station_01,22.01,952.4085938,519.3263,8,10,10,22.019000000000002,952.37624218,0.020000000000003126,1.0,False,False,17,Bardzo dobry
2026-05-16 17:59:55,station_01,22.02,952.3734375,519.634,5,7,7,22.019,952.37599999,0.01999999999999602,1.0,False,False,17,Bardzo dobry
2026-05-16 18:00:25,station_01,22.02,952.3911719,519.4786,5,7,8,22.019,952.3769218700002,0.0,0.875,False,False,18,Bardzo dobry
2026-05-16 18:00:55,station_01,22.02,952.4010937,519.3914,5,6,7,22.018,952.37804687,0.0,0.8571428571428571,False,False,18,Bardzo dobry
2026-05-16 18:01:25,station_01,22.0,952.386875,519.5161,4,5,5,22.017000000000003,952.37797656,-0.03999999999999915,1.0,False,False,18,Bardzo dobry
2026-05-16 18:01:55,station_01,22.0,952.3860937,519.5229,6,8,9,22.014999999999997,952.3800703,0.0,0.8888888888888888,False,False,18,Bardzo dobry
2026-05-16 18:02:25,station_01,21.98,952.4001563,519.3998,4,6,7,22.012,952.38360156,-0.03999999999999915,0.8571428571428571,False,False,18,Bardzo dobry
2026-05-16 18:02:55,station_01,21.98,952.571875,517.8963,6,9,10,22.006999999999998,952.4051874999999,0.0,0.9,False,False,18,Bardzo dobry
2026-05-16 18:03:25,station_01,21.98,952.39375,519.4558,5,7,7,22.001,952.4073828100002,0.0,1.0,False,False,18,Bardzo dobry
2026-05-16 18:03:55,station_01,21.98,952.3990625,519.4093,5,7,7,21.999000000000002,952.4112109399999,0.0,1.0,False,False,18,Bardzo dobry
2026-05-16 18:04:25,station_01,21.98,952.4123437,519.293,5,7,7,21.996,952.41158593,0.0,1.0,False,False,18,Bardzo dobry
2026-05-16 18:04:55,station_01,21.98,952.4098438,519.3152,6,7,7,21.992,952.41522656,0.0,1.0,False,False,18,Bardzo dobry
2026-05-16 18:05:25,station_01,21.93,952.4276563,519.1587,6,8,8,21.982999999999997,952.418875,-0.10000000000000142,1.0,False,False,18,Bardzo dobry
2026-05-16 18:05:55,station_01,21.89,952.4415625,519.0371,5,7,7,21.970000000000002,952.4229218799999,-0.0799999999999983,1.0,False,False,18,Bardzo dobry
2026-05-16 18:06:25,station_01,21.87,952.4521875,518.9441,7,8,10,21.957,952.42945313,-0.03999999999999915,0.8,False,False,18,Bardzo dobry
2026-05-16 18:06:54,station_01,21.9,952.45125,518.9525,5,7,7,21.947,952.4359687600002,0.06206896551723638,1.0,False,False,18,Bardzo dobry
2026-05-16 18:07:24,station_01,21.92,952.4585937,518.8881,4,7,7,21.941,952.4418125,0.04000000000000625,1.0,False,False,18,Bardzo dobry
2026-05-16 18:07:54,station_01,21.96,952.4954687,518.5656,4,6,7,21.939,952.43417187,0.0799999999999983,0.8571428571428571,False,False,18,Bardzo dobry
2026-05-16 18:08:24,station_01,22.0,952.4776562,518.7215,4,7,8,21.941,952.4425624899999,0.0799999999999983,0.875,False,False,18,Bardzo dobry
2026-05-16 18:08:54,station_01,22.02,952.4890625,518.6216,6,8,8,21.945,952.4515624900001,0.03999999999999915,1.0,False,False,18,Bardzo dobry
2026-05-16 18:09:25,station_01,22.03,952.473125,518.7612,6,9,9,21.95,952.45764062,0.019354838709680442,1.0,False,False,18,Bardzo dobry
2026-05-16 18:09:54,station_01,22.06,952.5110937,518.4286,5,7,9,21.958,952.46776561,0.06206896551723638,0.7777777777777778,False,False,18,Bardzo dobry
2026-05-16 18:10:24,station_01,22.07,952.4790625,518.7088,6,9,10,21.972,952.47290623,0.020000000000003126,0.9,False,False,18,Bardzo dobry
2026-05-16 18:10:54,station_01,22.08,952.5215625,518.3372,6,8,10,21.991,952.4809062300001,0.01999999999999602,0.8,False,False,18,Bardzo dobry
2026-05-16 18:11:24,station_01,22.09,952.4809375,518.6924,6,7,9,22.012999999999998,952.4837812299999,0.020000000000003126,0.7777777777777778,False,False,18,Bardzo dobry
2026-05-16 18:11:54,station_01,22.1,952.5088281,518.4482,5,8,9,22.032999999999998,952.48953904,0.020000000000003126,0.8888888888888888,False,False,18,Bardzo dobry
2026-05-16 18:12:25,station_01,22.1,952.498125,518.5423,5,7,8,22.051,952.49349217,0.0,0.875,False,False,18,Bardzo dobry
2026-05-16 18:12:54,station_01,22.11,952.4728906,518.7633,5,7,8,22.066,952.4912343600001,0.020689655172409678,0.875,False,False,18,Bardzo dobry
2026-05-16 18:13:24,station_01,22.12,952.5135938,518.4064,6,7,7,22.078,952.4948281200001,0.020000000000003126,1.0,False,False,18,Bardzo dobry
2026-05-16 18:13:55,station_01,22.11,952.5405469,518.1712,5,7,7,22.086999999999996,952.4999765599999,-0.019354838709680442,1.0,False,False,18,Bardzo dobry
2026-05-16 18:14:24,station_01,22.09,952.5564844,518.0317,7,10,11,22.092999999999996,952.5083125000001,-0.041379310344826704,0.9090909090909091,False,False,18,Bardzo dobry
2026-05-16 18:14:55,station_01,22.1,952.5615625,517.9867,5,7,7,22.097,952.5133593799999,0.019354838709680442,1.0,False,False,18,Bardzo dobry
2026-05-16 18:15:24,station_01,22.14,952.5749219,517.8699,6,7,7,22.104,952.52294532,0.08275862068965341,1.0,False,False,18,Bardzo dobry
2026-05-16 18:15:54,station_01,22.16,952.5469531,518.1152,6,8,8,22.112000000000002,952.52548438,0.03999999999999915,1.0,False,False,18,Bardzo dobry
2026-05-16 18:16:24,station_01,22.19,952.5745312,517.8736,4,6,6,22.122,952.53484375,0.060000000000002274,1.0,False,False,18,Bardzo dobry
2026-05-16 18:16:55,station_01,22.21,952.5607812,517.9936,6,7,7,22.133000000000003,952.54003906,0.03870967741935401,1.0,False,False,18,Bardzo dobry
2026-05-16 18:17:25,station_01,22.22,952.5383594,518.1902,6,8,8,22.145000000000003,952.5440624999999,0.01999999999999602,1.0,False,False,18,Bardzo dobry
2026-05-16 18:17:55,station_01,22.2,952.5682031,517.9291,6,8,10,22.154,952.5535937500001,-0.03999999999999915,0.8,False,False,18,Bardzo dobry
2026-05-16 18:18:25,station_01,22.19,952.5759375,517.8615,7,8,9,22.161,952.55982812,-0.01999999999999602,0.8888888888888888,False,False,18,Bardzo dobry
2026-05-16 18:18:55,station_01,22.17,952.5640625,517.965,6,8,9,22.167,952.56217968,-0.03999999999999915,0.8888888888888888,False,False,18,Bardzo dobry
2026-05-16 18:19:25,station_01,22.17,952.5434375,518.1453,5,8,8,22.175,952.56087499,0.0,1.0,False,False,18,Bardzo dobry
2026-05-16 18:19:55,station_01,22.19,952.5335938,518.232,7,9,9,22.184,952.55807812,0.03999999999999915,1.0,False,False,18,Bardzo dobry
2026-05-16 18:20:25,station_01,22.19,952.5776563,517.8461,6,8,8,22.189,952.5583515599999,0.0,1.0,False,False,18,Bardzo dobry
2026-05-16 18:20:55,station_01,22.2,952.61625,517.5084,6,8,11,22.193,952.56528125,0.01999999999999602,0.7272727272727273,False,False,18,Bardzo dobry
2026-05-16 18:21:25,station_01,22.19,952.6005469,517.6458,6,7,8,22.193,952.56788282,-0.01999999999999602,0.875,False,False,18,Bardzo dobry
2026-05-16 18:21:55,station_01,22.17,952.6160938,517.5099,5,8,9,22.189,952.5734140799999,-0.03999999999999915,0.8888888888888888,False,False,18,Bardzo dobry
2026-05-16 18:22:25,station_01,22.17,952.6406,517.2948,5,7,8,22.184,952.5836381400001,0.0,0.875,False,False,18,Bardzo dobry
2026-05-16 18:22:55,station_01,22.16,952.6235938,517.4438,6,7,7,22.18,952.5891772100001,-0.020000000000003126,1.0,False,False,18,Bardzo dobry
2026-05-16 18:23:25,station_01,22.18,952.6442969,517.2631,6,8,8,22.179000000000002,952.59601315,0.03999999999999915,1.0,False,False,18,Bardzo dobry
2026-05-16 18:23:55,station_01,22.18,952.6282812,517.4031,6,8,8,22.18,952.6024350199999,0.0,1.0,False,False,18,Bardzo dobry
2026-05-16 18:24:25,station_01,22.18,952.665625,517.076,4,6,8,22.181,952.6146537699999,0.0,0.75,False,False,18,Bardzo dobry
2026-05-16 18:24:55,station_01,22.18,952.6621875,517.1066,6,7,7,22.18,952.62751314,0.0,1.0,False,False,18,Bardzo dobry
2026-05-16 18:25:25,station_01,22.2,952.659375,517.1309,6,9,10,22.181,952.6356850100001,0.03999999999999915,0.9,False,False,18,Bardzo dobry
2026-05-16 18:25:55,station_01,22.23,952.663125,517.0977,7,10,11,22.184,952.6403725099999,0.060000000000002274,0.9090909090909091,False,False,18,Bardzo dobry
2026-05-16 18:26:25,station_01,22.29,952.6670313,517.0638,5,8,10,22.194,952.64702095,0.11999999999999744,0.8,False,False,18,Bardzo dobry
2026-05-16 18:26:55,station_01,22.33,952.6608594,517.1177,7,9,9,22.21,952.6514975100001,0.0799999999999983,1.0,False,False,18,Bardzo dobry
2026-05-16 18:27:25,station_01,22.36,952.6715625,517.0242,5,8,8,22.229,952.65459376,0.060000000000002274,1.0,False,False,18,Bardzo dobry
2026-05-16 18:27:55,station_01,22.38,952.7152344,516.642,7,10,10,22.250999999999998,952.66375782,0.03999999999999915,1.0,False,False,18,Bardzo dobry
2026-05-16 18:28:24,station_01,22.38,952.6885937,516.8751,6,9,9,22.271,952.6681874999998,0.0,1.0,False,False,18,Bardzo dobry
2026-05-16 18:28:54,station_01,22.36,952.6528125,517.0638,7,10,11,22.288999999999998,952.67064063,-0.03999999999999915,0.9090909090909091,False,False,18,Bardzo dobry
2026-05-16 18:29:24,station_01,22.38,952.7009375,516.7673,7,9,9,22.308999999999997,952.67417188,0.03999999999999915,1.0,False,False,18,Bardzo dobry
2026-05-16 18:29:54,station_01,22.37,952.6898438,516.8646,6,8,8,22.328,952.67693751,-0.01999999999999602,1.0,False,False,18,Bardzo dobry
2026-05-16 18:30:24,station_01,22.37,952.7198437,516.6019,5,6,6,22.345,952.6829843799999,0.0,1.0,False,False,18,Bardzo dobry
2026-05-16 18:30:54,station_01,22.38,952.7009375,516.7673,5,7,7,22.36,952.6867656300001,0.01999999999999602,1.0,False,False,18,Bardzo dobry
2026-05-16 18:31:24,station_01,22.38,952.7241406,516.6579,5,7,7,22.369,952.69247656,0.0,1.0,False,False,18,Bardzo dobry
2026-05-16 18:31:54,station_01,22.38,952.7330469,516.4861,5,8,10,22.374,952.6996953099999,0.0,0.8,False,False,18,Bardzo dobry
2026-05-16 18:32:24,station_01,22.68,952.7272656,516.5363,7,9,10,22.406,952.70526562,0.6000000000000014,0.9,False,False,18,Bardzo dobry
2026-05-16 18:32:56,station_01,22.64,952.7060938,516.7218,5,7,7,22.432000000000002,952.7043515599998,-0.0749999999999984,1.0,False,False,18,Bardzo dobry
2026-05-16 18:33:24,station_01,22.64,952.7498437,516.3392,5,8,8,22.458,952.7104765600001,0.0,1.0,False,False,18,Bardzo dobry
2026-05-16 18:33:54,station_01,22.62,952.76375,516.2176,4,6,9,22.484,952.7215703100001,-0.03999999999999915,0.6666666666666666,False,False,18,Bardzo dobry
2026-05-16 18:34:24,station_01,22.59,952.7507813,516.3307,5,7,7,22.505000000000003,952.7265546900001,-0.060000000000002274,1.0,False,False,18,Bardzo dobry
2026-05-16 18:34:54,station_01,22.57,952.760625,516.2451,5,8,8,22.525,952.73363281,-0.03999999999999915,1.0,False,False,18,Bardzo dobry
2026-05-16 18:35:24,station_01,22.53,952.8182813,515.7404,6,7,8,22.541,952.74347657,-0.0799999999999983,0.875,False,False,18,Bardzo dobry
2026-05-16 18:35:55,station_01,22.49,952.8226563,515.7705,6,8,9,22.552,952.7556484499999,-0.0774193548387149,0.8888888888888888,False,False,18,Bardzo dobry
2026-05-16 18:36:25,station_01,22.46,952.7875781,516.0089,5,6,6,22.560000000000002,952.7619922,-0.05999999999999517,1.0,False,False,18,Bardzo dobry
2026-05-16 18:36:55,station_01,22.43,952.7875,516.0099,6,9,10,22.565,952.7674375100001,-0.060000000000002274,0.9,False,False,18,Bardzo dobry
2026-05-16 18:37:25,station_01,22.42,952.8009375,515.892,4,6,7,22.539,952.7748047000001,-0.01999999999999602,0.8571428571428571,False,False,18,Bardzo dobry
2026-05-16 18:37:55,station_01,22.4,952.809375,515.8181,4,6,6,22.514999999999997,952.7851328200001,-0.04000000000000625,1.0,False,False,18,Bardzo dobry
2026-05-16 18:38:25,station_01,22.4,952.7965625,515.9301,4,6,7,22.491,952.7898046999999,0.0,0.8571428571428571,False,False,18,Bardzo dobry
2026-05-16 18:38:55,station_01,22.4,952.8189844,515.734,5,7,7,22.469,952.7953281399999,0.0,1.0,False,False,18,Bardzo dobry
2026-05-16 18:39:25,station_01,22.4,952.8033594,515.8709,5,7,7,22.45,952.8005859500001,0.0,1.0,False,False,18,Bardzo dobry
2026-05-16 18:39:55,station_01,22.38,952.7765625,516.1056,5,6,9,22.431,952.8021796999999,-0.03999999999999915,0.6666666666666666,False,False,18,Bardzo dobry
2026-05-16 18:40:25,station_01,22.38,952.8032813,515.8715,5,8,8,22.416,952.8006796999998,0.0,1.0,False,False,18,Bardzo dobry
2026-05-16 18:40:55,station_01,22.64,952.8371875,515.575,6,7,7,22.431,952.80213282,0.5200000000000031,1.0,False,False,18,Bardzo dobry
2026-05-16 18:41:25,station_01,22.72,952.8172656,515.7493,5,7,7,22.457,952.80510157,0.1599999999999966,1.0,False,False,18,Bardzo dobry
2026-05-16 18:41:55,station_01,22.72,952.814375,515.7742,5,7,7,22.486,952.80778907,0.0,1.0,False,False,18,Bardzo dobry
2026-05-16 18:42:25,station_01,22.73,952.8159375,515.761,7,9,9,22.517,952.80928907,0.020000000000003126,1.0,False,False,18,Bardzo dobry
2026-05-16 18:42:55,station_01,22.74,952.8522656,515.4428,7,8,9,22.551,952.8135781300001,0.01999999999999602,0.8888888888888888,False,False,18,Bardzo dobry
2026-05-16 18:43:25,station_01,22.77,952.8641406,515.3392,5,7,7,22.588,952.8203359399998,0.060000000000002274,1.0,False,False,18,Bardzo dobry
2026-05-16 18:43:55,station_01,22.8,952.821875,515.7087,6,9,11,22.628,952.820625,0.060000000000002274,0.8181818181818182,False,False,18,Bardzo dobry
2026-05-16 18:44:25,station_01,22.82,952.8586719,515.3873,4,7,7,22.669999999999998,952.8261562499999,0.03999999999999915,1.0,False,False,18,Bardzo dobry
2026-05-16 18:44:55,station_01,22.83,952.851875,515.4465,5,8,9,22.714999999999996,952.8336875000001,0.01999999999999602,0.8888888888888888,False,False,18,Bardzo dobry
2026-05-16 18:45:25,station_01,22.79,952.8952344,515.0666,6,8,9,22.756,952.8428828100001,-0.0799999999999983,0.8888888888888888,False,False,18,Bardzo dobry
2026-05-16 18:45:55,station_01,22.76,952.8477,515.483,6,8,9,22.768,952.84393406,-0.05999999999999517,0.8888888888888888,False,False,18,Bardzo dobry
2026-05-16 18:46:24,station_01,22.78,952.880625,515.195,5,7,7,22.773999999999997,952.8502699999999,0.041379310344826704,1.0,False,False,18,Bardzo dobry
2026-05-16 18:46:54,station_01,22.81,952.885,515.1564,5,7,7,22.782999999999998,952.8573325,0.05999999999999517,1.0,False,False,18,Bardzo dobry
2026-05-16 18:47:24,station_01,22.8,952.8557031,515.4127,5,7,8,22.79,952.8613090599999,-0.01999999999999602,0.875,False,False,18,Bardzo dobry
2026-05-16 18:47:54,station_01,22.75,952.911875,514.9213,6,8,8,22.791000000000004,952.86727,-0.10000000000000142,1.0,False,False,18,Bardzo dobry
2026-05-16 18:48:24,station_01,22.73,952.8935938,515.0808,5,9,10,22.787,952.8702153199999,-0.03999999999999915,0.9,False,False,18,Bardzo dobry
2026-05-16 18:48:54,station_01,22.71,952.9067187,514.9661,7,8,8,22.778,952.8786996899998,-0.03999999999999915,1.0,False,False,18,Bardzo dobry
2026-05-16 18:49:24,station_01,22.7,952.9077344,514.9577,5,7,8,22.766,952.88360594,-0.020000000000003126,0.875,False,False,18,Bardzo dobry
2026-05-16 18:49:54,station_01,22.72,952.915,514.8943,6,7,7,22.755,952.88991844,0.03999999999999915,1.0,False,False,18,Bardzo dobry
2026-05-16 18:50:24,station_01,22.72,952.8692969,515.2938,6,8,8,22.747999999999998,952.88732469,0.0,1.0,False,False,18,Bardzo dobry
2026-05-16 18:50:54,station_01,22.72,952.9210156,514.8414,4,5,6,22.744,952.8946562499999,0.0,0.8333333333333334,False,False,18,Bardzo dobry
2026-05-16 18:51:24,station_01,22.71,952.9234375,514.8198,5,7,7,22.737000000000002,952.8989375000001,-0.01999999999999602,1.0,False,False,18,Bardzo dobry
2026-05-16 18:51:54,station_01,22.71,952.94125,514.6644,5,6,6,22.727,952.9045625000001,0.0,1.0,False,False,18,Bardzo dobry
2026-05-16 18:52:24,station_01,22.72,952.8942188,515.0756,5,7,7,22.719,952.90841407,0.01999999999999602,1.0,False,False,18,Bardzo dobry
2026-05-16 18:52:54,station_01,22.74,952.9096875,514.8779,5,8,10,22.717999999999996,952.90819532,0.03999999999999915,0.8,False,False,18,Bardzo dobry
2026-05-16 18:53:24,station_01,22.75,952.931875,514.7463,6,8,8,22.72,952.9120234400001,0.020000000000003126,1.0,False,False,18,Bardzo dobry
2026-05-16 18:53:54,station_01,22.8,952.956875,514.5275,7,8,9,22.729,952.9170390700001,0.10000000000000142,0.8888888888888888,False,False,18,Bardzo dobry
2026-05-16 18:54:24,station_01,22.78,952.93375,514.7294,4,6,6,22.737000000000002,952.9196406300001,-0.03999999999999915,1.0,False,False,18,Bardzo dobry
2026-05-16 18:54:55,station_01,22.77,952.9379687,514.834,5,6,7,22.742,952.9219375,-0.019354838709680442,0.8571428571428571,False,False,18,Bardzo dobry
2026-05-16 18:55:25,station_01,22.76,952.9404688,514.6708,5,6,7,22.746000000000002,952.9290546899999,-0.01999999999999602,0.8571428571428571,False,False,18,Bardzo dobry
2026-05-16 18:55:55,station_01,22.76,952.974375,514.3743,5,6,6,22.75,952.93439063,0.0,1.0,False,False,18,Bardzo dobry
2026-05-16 18:56:25,station_01,22.77,952.9821875,514.3062,5,6,6,22.756,952.9402656299999,0.01999999999999602,1.0,False,False,18,Bardzo dobry
2026-05-16 18:56:55,station_01,22.78,952.9654688,514.4525,5,7,8,22.762999999999998,952.94268751,0.020000000000003126,0.875,False,False,18,Bardzo dobry
2026-05-16 18:57:25,station_01,22.79,952.996875,514.1772,5,7,8,22.77,952.9529531299999,0.01999999999999602,0.875,False,False,18,Bardzo dobry
2026-05-16 18:57:55,station_01,22.78,953.005,514.1064,4,7,8,22.774,952.96248438,-0.01999999999999602,0.875,False,False,18,Bardzo dobry
2026-05-16 18:58:25,station_01,22.76,952.9810156,514.3162,5,7,8,22.775,952.96739844,-0.03999999999999915,0.875,False,False,18,Bardzo dobry
2026-05-16 18:58:55,station_01,22.72,952.9819531,514.3082,4,8,8,22.767000000000003,952.96990625,-0.0800000000000054,1.0,False,False,18,Bardzo dobry
2026-05-16 18:59:25,station_01,22.69,952.9796875,514.3278,4,6,7,22.758000000000003,952.9744999999999,-0.05999999999999517,0.8571428571428571,False,False,18,Bardzo dobry
2026-05-16 18:59:55,station_01,22.66,952.9628125,514.4752,3,6,6,22.747,952.9769843799999,-0.060000000000002274,1.0,False,False,18,Bardzo dobry
2026-05-16 19:00:25,station_01,22.64,953.001875,514.1339,5,7,7,22.735,952.983125,-0.03999999999999915,1.0,False,False,19,Bardzo dobry
2026-05-16 19:00:55,station_01,22.62,953.004375,514.1117,4,7,7,22.721,952.986125,-0.03999999999999915,1.0,False,False,19,Bardzo dobry
2026-05-16 19:01:25,station_01,22.61,953.0178125,513.9944,5,6,7,22.705000000000002,952.9896875000001,-0.020000000000003126,0.8571428571428571,False,False,19,Bardzo dobry
2026-05-16 19:01:55,station_01,22.59,952.9903125,514.2354,6,8,9,22.686,952.99217187,-0.03999999999999915,0.8888888888888888,False,False,19,Bardzo dobry
2026-05-16 19:02:25,station_01,22.59,952.9970312,514.1761,6,7,7,22.666,952.9921874900001,0.0,1.0,False,False,19,Bardzo dobry
2026-05-16 19:02:54,station_01,22.59,952.9934375,514.2078,4,6,6,22.647,952.99103124,0.0,1.0,False,False,19,Bardzo dobry
2026-05-16 19:03:24,station_01,22.58,952.9603125,514.4974,5,7,7,22.628999999999998,952.9889609299998,-0.020000000000003126,1.0,False,False,19,Bardzo dobry
2026-05-16 19:03:54,station_01,22.57,952.9770312,514.3511,5,8,8,22.613999999999997,952.9884687399999,-0.01999999999999602,1.0,False,False,19,Bardzo dobry
2026-05-16 19:04:24,station_01,22.59,952.9903125,514.2354,5,7,7,22.604,952.98953124,0.03999999999999915,1.0,False,False,19,Bardzo dobry
2026-05-16 19:04:54,station_01,22.57,953.0001563,514.1487,5,7,7,22.595,952.9932656200001,-0.03999999999999915,1.0,False,False,19,Bardzo dobry
2026-05-16 19:05:24,station_01,22.56,952.9772656,514.3489,5,7,8,22.587,952.9908046800001,-0.020000000000003126,0.875,False,False,19,Bardzo dobry
2026-05-16 19:05:54,station_01,22.55,952.9926562,514.2142,5,6,6,22.580000000000002,952.9896328000001,-0.01999999999999602,1.0,False,False,19,Bardzo dobry
2026-05-16 19:06:24,station_01,22.55,952.9754688,514.3648,5,8,9,22.573999999999998,952.98539843,0.0,0.8888888888888888,False,False,19,Bardzo dobry
2026-05-16 19:06:54,station_01,22.55,952.9579687,514.518,5,7,8,22.57,952.98216405,0.0,0.875,False,False,19,Bardzo dobry
2026-05-16 19:07:24,station_01,22.59,952.9913281,514.1952,5,7,7,22.57,952.9815937399999,0.0799999999999983,1.0,False,False,19,Bardzo dobry
2026-05-16 19:07:54,station_01,22.57,952.9823438,514.3046,4,6,7,22.568,952.98048437,-0.03999999999999915,0.8571428571428571,False,False,19,Bardzo dobry
2026-05-16 19:08:24,station_01,22.57,952.9745313,514.3727,5,8,8,22.567,952.9819062500001,0.0,1.0,False,False,19,Bardzo dobry
2026-05-16 19:08:54,station_01,22.56,952.9965625,514.1804,4,7,7,22.566,952.9838593800001,-0.020000000000003126,1.0,False,False,19,Bardzo dobry
2026-05-16 19:09:24,station_01,22.56,952.9821875,514.3062,6,7,7,22.563,952.9830468800001,0.0,1.0,False,False,19,Bardzo dobry
2026-05-16 19:09:54,station_01,22.57,953.0207813,513.9685,5,7,7,22.563,952.98510938,0.020000000000003126,1.0,False,False,19,Bardzo dobry
2026-05-16 19:10:24,station_01,22.56,953.0365625,513.8306,4,7,7,22.563,952.9910390699999,-0.020000000000003126,1.0,False,False,19,Bardzo dobry
2026-05-16 19:10:54,station_01,22.56,953.0115625,514.0493,3,6,6,22.564,952.9929296999999,0.0,1.0,False,False,19,Bardzo dobry
2026-05-16 19:11:25,station_01,22.56,953.0539062,513.6789,4,5,6,22.565,953.00077344,0.0,0.8333333333333334,False,False,19,Bardzo dobry
2026-05-16 19:11:55,station_01,22.54,953.0409375,513.792,5,8,10,22.564,953.00907032,-0.03999999999999915,0.8,False,False,19,Bardzo dobry
2026-05-16 19:12:25,station_01,22.53,953.0542188,513.6763,5,7,8,22.558,953.0153593899998,-0.01999999999999602,0.875,False,False,19,Bardzo dobry
2026-05-16 19:12:55,station_01,22.54,953.0334375,513.8575,5,6,6,22.555,953.0204687600001,0.01999999999999602,1.0,False,False,19,Bardzo dobry
2026-05-16 19:13:25,station_01,22.54,953.0103125,514.0599,4,6,8,22.552,953.02404688,0.0,0.75,False,False,19,Bardzo dobry
2026-05-16 19:13:55,station_01,22.53,953.0363281,513.8327,5,7,7,22.549,953.02802344,-0.01999999999999602,1.0,False,False,19,Bardzo dobry
2026-05-16 19:14:25,station_01,22.54,953.0260156,513.9225,6,7,7,22.547,953.03240625,0.01999999999999602,1.0,False,False,19,Bardzo dobry
2026-05-16 19:14:55,station_01,22.59,953.0109375,514.0546,5,7,7,22.549,953.0314218699999,0.10000000000000142,1.0,False,False,19,Bardzo dobry
2026-05-16 19:15:25,station_01,22.6,953.04125,513.8041,3,5,6,22.553,953.03189062,0.020000000000003126,0.8333333333333334,False,False,19,Bardzo dobry
2026-05-16 19:15:55,station_01,22.62,953.0157813,514.0118,5,7,7,22.559,953.0323125000001,0.03999999999999915,1.0,False,False,19,Bardzo dobry
2026-05-16 19:16:25,station_01,22.64,953.041875,513.7841,4,6,6,22.567,953.0311093800001,0.03999999999999915,1.0,False,False,19,Bardzo dobry
2026-05-16 19:16:55,station_01,22.65,953.0529687,513.6182,5,7,8,22.578,953.0323125000001,0.01999999999999602,0.875,False,False,19,Bardzo dobry
2026-05-16 19:17:25,station_01,22.65,953.0646875,513.5844,5,6,6,22.59,953.0333593700001,0.0,1.0,False,False,19,Bardzo dobry
2026-05-16 19:17:55,station_01,22.65,953.07,513.5378,4,5,5,22.601000000000003,953.03701562,0.0,1.0,False,False,19,Bardzo dobry
2026-05-16 19:18:25,station_01,22.66,953.071875,513.5209,5,7,7,22.613,953.0431718699999,0.020000000000003126,1.0,False,False,19,Bardzo dobry
2026-05-16 19:18:54,station_01,22.65,953.0889063,513.3719,3,6,6,22.625,953.04842969,-0.020689655172417026,1.0,False,False,19,Bardzo dobry
2026-05-16 19:19:24,station_01,22.66,953.0932813,513.3344,4,6,7,22.637,953.05515626,0.020000000000003126,0.8571428571428571,False,False,19,Bardzo dobry
2026-05-16 19:19:54,station_01,22.67,953.0982813,513.2906,6,9,11,22.645,953.0638906400002,0.020000000000003126,0.8181818181818182,False,False,19,Bardzo dobry
2026-05-16 19:20:24,station_01,22.69,953.1055,513.2277,5,6,6,22.654,953.0703156400001,0.03999999999999915,1.0,False,False,19,Bardzo dobry
2026-05-16 19:20:54,station_01,22.69,953.1357813,512.9619,4,6,7,22.660999999999998,953.0823156399999,0.0,0.8571428571428571,False,False,19,Bardzo dobry
2026-05-16 19:21:24,station_01,22.69,953.07625,513.4834,5,7,7,22.666000000000004,953.08575314,0.0,1.0,False,False,19,Bardzo dobry
2026-05-16 19:21:54,station_01,22.68,953.1261719,513.0464,6,7,10,22.669,953.0930734599999,-0.020000000000003126,0.7,False,False,19,Bardzo dobry
2026-05-16 19:22:25,station_01,22.69,953.1233594,513.0713,5,6,7,22.673,953.09894065,0.019354838709680442,0.8571428571428571,False,False,19,Bardzo dobry
2026-05-16 19:22:54,station_01,22.69,953.1079688,513.2055,5,7,7,22.677,953.10273753,0.0,1.0,False,False,19,Bardzo dobry
2026-05-16 19:23:24,station_01,22.68,953.0798438,513.4517,6,8,8,22.679,953.1035344100001,-0.020000000000003126,1.0,False,False,19,Bardzo dobry
2026-05-16 19:23:54,station_01,22.66,953.06875,513.549,4,6,7,22.68,953.10151878,-0.03999999999999915,0.8571428571428571,False,False,19,Bardzo dobry
2026-05-16 19:24:25,station_01,22.66,953.1235938,513.0687,5,8,8,22.68,953.10455003,0.0,1.0,False,False,19,Bardzo dobry
2026-05-16 19:24:54,station_01,22.66,953.1089063,513.1976,5,6,7,22.679000000000002,953.1056125299999,0.0,0.8571428571428571,False,False,19,Bardzo dobry
2026-05-16 19:25:24,station_01,22.64,953.0903125,513.3598,4,6,6,22.674,953.1040937800001,-0.03999999999999915,1.0,False,False,19,Bardzo dobry
2026-05-16 19:25:54,station_01,22.62,953.0777344,513.4697,3,4,4,22.667,953.0982890900001,-0.03999999999999915,1.0,False,False,19,Bardzo dobry
2026-05-16 19:26:25,station_01,22.6,953.0665625,513.5674,6,7,7,22.658,953.0973203400001,-0.03870967741935401,1.0,False,False,19,Bardzo dobry
2026-05-16 19:26:55,station_01,22.61,953.1364844,512.9561,4,6,6,22.651000000000003,953.0983515900001,0.01999999999999602,1.0,False,False,19,Bardzo dobry
2026-05-16 19:27:25,station_01,22.59,953.1392188,512.9323,5,7,7,22.641000000000002,953.09993753,-0.03999999999999915,1.0,False,False,19,Bardzo dobry
2026-05-16 19:27:55,station_01,22.6,953.1236719,513.0681,5,6,6,22.632,953.10150784,0.020000000000003126,1.0,False,False,19,Bardzo dobry
2026-05-16 19:28:25,station_01,22.63,953.15375,512.805,5,7,8,22.627000000000002,953.1088984600001,0.05999999999999517,0.875,False,False,19,Bardzo dobry
2026-05-16 19:28:55,station_01,22.66,953.1303125,513.01,3,5,5,22.627000000000002,953.11505471,0.060000000000002274,1.0,False,False,19,Bardzo dobry
2026-05-16 19:29:25,station_01,22.66,953.150625,512.8325,5,6,6,22.627000000000002,953.11775783,0.0,1.0,False,False,19,Bardzo dobry
2026-05-16 19:29:55,station_01,22.67,953.1242969,513.0628,3,5,6,22.628,953.1192968899999,0.020000000000003126,0.8333333333333334,False,False,19,Bardzo dobry
2026-05-16 19:30:25,station_01,22.67,953.0922656,513.3429,6,8,8,22.631,953.1194921999999,0.0,1.0,False,False,19,Bardzo dobry
2026-05-16 19:30:55,station_01,22.68,953.1292969,513.019,4,5,6,22.637,953.12464845,0.01999999999999602,0.8333333333333334,False,False,19,Bardzo dobry
2026-05-16 19:31:25,station_01,22.66,953.1292969,513.019,4,5,5,22.643,953.13092189,-0.03999999999999915,1.0,False,False,19,Bardzo dobry
2026-05-16 19:31:55,station_01,22.67,953.1153906,513.1405,5,6,6,22.649,953.12881251,0.020000000000003126,1.0,False,False,19,Bardzo dobry
2026-05-16 19:32:25,station_01,22.67,953.1467969,512.9683,5,7,7,22.657,953.12957032,0.0,1.0,False,False,19,Bardzo dobry
2026-05-16 19:32:55,station_01,22.67,953.1071875,513.2123,5,6,6,22.664,953.1279218799998,0.0,1.0,False,False,19,Bardzo dobry
2026-05-16 19:33:24,station_01,22.69,953.1279688,513.0306,4,6,7,22.67,953.1253437600001,0.041379310344826704,0.8571428571428571,False,False,19,Bardzo dobry
2026-05-16 19:33:54,station_01,22.71,953.1013281,513.2636,5,7,7,22.675,953.12244532,0.03999999999999915,1.0,False,False,19,Bardzo dobry
2026-05-16 19:34:24,station_01,22.71,953.110625,513.1828,5,6,6,22.68,953.11844532,0.0,1.0,False,False,19,Bardzo dobry
2026-05-16 19:34:54,station_01,22.73,953.1035937,513.2441,6,7,7,22.686,953.116375,0.03999999999999915,1.0,False,False,19,Bardzo dobry
2026-05-16 19:35:24,station_01,22.73,953.0828906,513.4253,5,6,7,22.692,953.1154375,0.0,0.8571428571428571,False,False,19,Bardzo dobry
2026-05-16 19:35:54,station_01,22.73,953.1214062,513.0882,3,5,7,22.697,953.11464843,0.0,0.7142857142857143,False,False,19,Bardzo dobry
2026-05-16 19:36:24,station_01,22.77,953.1154687,513.14,5,7,7,22.708000000000002,953.1132656099999,0.0799999999999983,1.0,False,False,19,Bardzo dobry
2026-05-16 19:36:54,station_01,22.77,953.1198437,513.1014,4,6,7,22.718,953.1137109199999,0.0,0.8571428571428571,False,False,19,Bardzo dobry
2026-05-16 19:37:24,station_01,22.76,953.1204687,513.0961,5,7,7,22.727,953.1110781000001,-0.01999999999999602,1.0,False,False,19,Bardzo dobry
2026-05-16 19:37:54,station_01,22.75,953.1475,512.8594,4,5,7,22.735,953.11510935,-0.020000000000003126,0.7142857142857143,False,False,19,Bardzo dobry
2026-05-16 19:38:24,station_01,22.72,953.1220312,513.0829,6,6,7,22.738,953.11451559,-0.060000000000002274,0.8571428571428571,False,False,19,Bardzo dobry
2026-05-16 19:38:54,station_01,22.71,953.0982031,513.2911,3,4,4,22.738000000000003,953.11420309,-0.01999999999999602,1.0,False,False,19,Bardzo dobry
2026-05-16 19:39:24,station_01,22.68,953.1226562,513.0771,4,9,9,22.735000000000003,953.1154062100001,-0.060000000000002274,1.0,False,False,19,Bardzo dobry
2026-05-16 19:39:54,station_01,22.67,953.1011719,513.2646,5,7,9,22.729,953.1151640300001,-0.01999999999999602,0.7777777777777778,False,False,19,Bardzo dobry
2026-05-16 19:40:24,station_01,22.66,953.1235938,513.0687,4,5,7,22.722,953.11923435,-0.020000000000003126,0.7142857142857143,False,False,19,Bardzo dobry
2026-05-16 19:40:54,station_01,22.66,953.1289,513.0227,4,7,7,22.715,953.1199837300001,0.0,1.0,False,False,19,Bardzo dobry
2026-05-16 19:41:25,station_01,22.65,953.0978125,513.2943,6,7,7,22.703,953.11821811,-0.019354838709680442,1.0,False,False,19,Bardzo dobry
2026-05-16 19:41:55,station_01,22.65,953.128125,513.0295,4,6,6,22.691,953.11904624,0.0,1.0,False,False,19,Bardzo dobry
2026-05-16 19:42:25,station_01,22.65,953.135,512.9688,5,6,6,22.68,953.12049937,0.0,1.0,False,False,19,Bardzo dobry
2026-05-16 19:42:55,station_01,22.67,953.1517187,512.8229,5,6,6,22.672,953.1209212400001,0.04000000000000625,1.0,False,False,19,Bardzo dobry
2026-05-16 19:43:25,station_01,22.68,953.1407813,512.9181,4,6,7,22.668,953.12279625,0.01999999999999602,0.8571428571428571,False,False,19,Bardzo dobry
2026-05-16 19:43:55,station_01,22.68,953.1390625,512.9339,4,5,5,22.665,953.12688219,0.0,1.0,False,False,19,Bardzo dobry
2026-05-16 19:44:25,station_01,22.7,953.1280469,513.0301,4,7,7,22.666999999999998,953.1274212600001,0.03999999999999915,1.0,False,False,19,Bardzo dobry
2026-05-16 19:44:55,station_01,22.69,953.1440625,512.8901,4,7,7,22.669,953.1317103200001,-0.01999999999999602,1.0,False,False,19,Bardzo dobry
2026-05-16 19:45:25,station_01,22.71,953.1445,512.8859,5,6,6,22.674,953.13380094,0.03999999999999915,1.0,False,False,19,Bardzo dobry
2026-05-16 19:45:55,station_01,22.72,953.1833594,512.5461,5,7,7,22.68,953.1392468800001,0.01999999999999602,1.0,False,False,19,Bardzo dobry
2026-05-16 19:46:25,station_01,22.73,953.1325,512.991,5,7,7,22.688,953.14271563,0.020000000000003126,1.0,False,False,19,Bardzo dobry
